timestamp,sample_id,pump_on,leak_zone,severity,source_pressure,destination_pressure,source_flow,destination_flow,source_vibration,destination_vibration,source_temperature,destination_temperature,pressure_difference,flow_imbalance,flow_loss_percent,predicted_zone,confidence,severity_label,leak_detected
2026-06-26T11:04:05,3,True,0,50,2.51,2.29,12.07,11.72,0.09,0.09,28.9,28.9,0.22,0.34,2.8,0,95.6,Normal,False
2026-06-26T11:04:06,4,True,0,50,2.48,2.31,11.94,11.73,0.1,0.1,29.1,29.1,0.18,0.21,1.8,0,97.8,Normal,False
2026-06-26T11:04:07,5,True,0,50,2.51,2.28,12.04,11.76,0.11,0.08,29.0,29.1,0.22,0.29,2.4,0,94.4,Normal,False
2026-06-26T11:04:08,6,True,0,50,2.48,2.32,12.04,11.85,0.11,0.08,29.1,29.2,0.16,0.19,1.6,0,94.1,Normal,False
2026-06-26T11:04:09,7,True,0,50,2.5,2.31,11.96,11.87,0.1,0.09,28.9,29.0,0.19,0.09,0.7,0,94.2,Normal,False
2026-06-26T11:04:10,8,True,0,50,2.5,2.32,11.98,11.83,0.11,0.09,29.1,29.2,0.18,0.15,1.2,0,98.3,Normal,False
2026-06-26T11:04:11,9,True,0,50,2.48,2.3,12.0,11.78,0.09,0.08,28.9,28.8,0.19,0.23,1.9,0,96.8,Normal,False
2026-06-26T11:04:12,10,True,0,50,2.52,2.29,11.93,11.85,0.11,0.1,28.9,28.8,0.22,0.08,0.7,0,97.3,Normal,False
2026-06-26T11:04:13,11,True,0,50,2.49,2.32,12.03,11.74,0.11,0.09,28.9,28.9,0.17,0.29,2.4,0,97.1,Normal,False
2026-06-26T11:04:14,12,True,0,50,2.5,2.28,12.01,11.86,0.1,0.09,29.0,29.1,0.22,0.16,1.3,0,98.0,Normal,False
2026-06-26T11:04:15,13,True,0,50,2.5,2.28,12.01,11.76,0.11,0.09,29.0,29.1,0.22,0.25,2.1,0,97.6,Normal,False
2026-06-26T11:04:16,14,True,0,50,2.49,2.28,12.07,11.75,0.11,0.08,29.1,29.1,0.21,0.31,2.6,0,96.2,Normal,False
2026-06-26T11:04:17,15,True,0,50,2.49,2.29,11.95,11.8,0.1,0.09,29.0,29.0,0.21,0.15,1.2,0,96.7,Normal,False
2026-06-26T11:04:18,16,True,0,50,2.49,2.32,11.96,11.82,0.1,0.09,28.9,28.9,0.18,0.13,1.1,0,98.0,Normal,False
2026-06-26T11:04:19,17,True,0,50,2.48,2.29,12.06,11.83,0.09,0.08,29.0,28.9,0.18,0.22,1.9,0,97.3,Normal,False
2026-06-26T11:04:20,18,True,0,50,2.52,2.3,12.02,11.8,0.11,0.1,29.1,29.1,0.22,0.22,1.8,0,96.3,Normal,False
2026-06-26T11:04:21,19,True,0,50,2.52,2.3,11.98,11.76,0.1,0.08,28.9,28.8,0.22,0.22,1.8,0,94.8,Normal,False
2026-06-26T11:04:22,20,True,0,50,2.49,2.28,11.97,11.8,0.11,0.08,29.1,29.1,0.21,0.17,1.4,0,97.6,Normal,False
2026-06-26T11:04:23,21,True,0,50,2.5,2.32,12.0,11.78,0.1,0.08,28.9,28.9,0.18,0.22,1.8,0,96.6,Normal,False
2026-06-26T11:04:24,22,True,0,50,2.51,2.3,12.03,11.8,0.1,0.08,29.1,29.0,0.21,0.22,1.8,0,98.5,Normal,False
2026-06-26T11:04:25,23,True,0,50,2.48,2.31,12.08,11.82,0.1,0.09,29.0,28.9,0.17,0.26,2.1,0,97.4,Normal,False
2026-06-26T11:04:26,24,True,0,50,2.5,2.31,11.96,11.87,0.11,0.1,29.0,29.0,0.19,0.09,0.7,0,98.4,Normal,False
2026-06-26T11:04:27,25,True,0,50,2.49,2.31,12.03,11.77,0.09,0.1,29.0,28.9,0.17,0.26,2.2,0,95.6,Normal,False
2026-06-26T11:04:28,26,True,0,50,2.48,2.3,12.01,11.82,0.11,0.08,29.1,29.2,0.18,0.19,1.6,0,96.5,Normal,False
2026-06-26T11:04:29,27,True,0,50,2.51,2.28,11.92,11.77,0.11,0.08,28.9,29.0,0.23,0.15,1.3,0,97.6,Normal,False
2026-06-26T11:04:30,28,True,0,50,2.48,2.32,12.0,11.81,0.1,0.09,29.0,29.0,0.16,0.2,1.6,0,96.5,Normal,False
2026-06-26T11:04:31,29,True,0,50,2.49,2.28,12.07,11.75,0.09,0.09,29.0,29.0,0.21,0.32,2.6,0,98.9,Normal,False
2026-06-26T11:04:32,30,True,0,50,2.51,2.31,11.99,11.82,0.11,0.09,28.9,28.9,0.2,0.17,1.4,0,98.3,Normal,False
2026-06-26T11:04:33,31,True,0,50,2.48,2.31,11.97,11.85,0.11,0.1,28.9,28.9,0.17,0.12,1.0,0,97.6,Normal,False
2026-06-26T11:04:40,35,False,0,50,0.0,0.0,0.0,0.0,0.02,0.02,29.0,29.0,0.0,0.0,0.0,0,99.0,Pump OFF,False
2026-06-26T11:04:41,36,False,0,50,0.0,0.0,0.0,0.0,0.02,0.02,29.0,29.0,0.0,0.0,0.0,0,99.0,Pump OFF,False
2026-06-26T11:04:42,37,False,0,50,0.0,0.0,0.0,0.0,0.02,0.02,29.0,29.0,0.0,0.0,0.0,0,99.0,Pump OFF,False
2026-06-26T11:04:43,38,False,0,50,0.0,0.0,0.0,0.0,0.02,0.02,29.0,29.0,0.0,0.0,0.0,0,99.0,Pump OFF,False
2026-06-26T11:04:44,39,False,0,50,0.0,0.0,0.0,0.0,0.02,0.02,29.0,29.0,0.0,0.0,0.0,0,99.0,Pump OFF,False
2026-06-26T11:04:45,40,False,0,50,0.0,0.0,0.0,0.0,0.02,0.02,29.0,29.0,0.0,0.0,0.0,0,99.0,Pump OFF,False
2026-06-26T11:04:46,42,True,0,50,2.48,2.31,12.03,11.73,0.11,0.08,29.1,29.0,0.17,0.3,2.5,0,98.2,Normal,False
2026-06-26T11:04:47,43,True,0,50,2.51,2.3,11.96,11.79,0.11,0.1,29.0,29.1,0.21,0.17,1.4,0,97.2,Normal,False
2026-06-26T11:04:48,44,True,0,50,2.48,2.29,11.96,11.83,0.09,0.09,28.9,28.8,0.19,0.14,1.2,0,96.2,Normal,False
2026-06-26T11:04:49,45,True,0,50,2.48,2.3,12.07,11.87,0.09,0.08,29.0,29.0,0.18,0.2,1.6,0,95.8,Normal,False
2026-06-26T11:04:50,46,True,0,50,2.48,2.3,12.04,11.87,0.09,0.08,29.1,29.0,0.18,0.17,1.4,0,97.7,Normal,False
2026-06-26T11:04:51,47,True,0,50,2.48,2.31,11.97,11.73,0.11,0.1,29.1,29.1,0.17,0.24,2.0,0,95.7,Normal,False
2026-06-26T11:04:52,48,True,0,50,2.51,2.28,12.03,11.8,0.09,0.08,29.0,29.0,0.23,0.23,1.9,0,95.8,Normal,False
2026-06-26T11:04:53,49,True,0,50,2.48,2.32,12.03,11.73,0.11,0.1,28.9,28.8,0.16,0.3,2.5,0,97.0,Normal,False
2026-06-26T11:04:54,50,True,0,50,2.5,2.32,11.96,11.77,0.09,0.08,28.9,28.9,0.18,0.19,1.6,0,95.7,Normal,False
2026-06-26T11:04:55,51,True,0,50,2.52,2.28,12.03,11.73,0.11,0.08,28.9,29.0,0.25,0.31,2.5,0,96.5,Normal,False
2026-06-26T11:04:56,52,True,0,50,2.48,2.29,12.0,11.83,0.1,0.09,29.1,29.0,0.19,0.17,1.4,0,96.7,Normal,False
2026-06-26T11:04:57,53,True,0,50,2.52,2.29,11.98,11.75,0.11,0.08,29.1,29.0,0.23,0.24,2.0,0,97.6,Normal,False
2026-06-26T11:04:58,54,True,0,50,2.52,2.31,12.01,11.76,0.1,0.08,29.1,29.1,0.2,0.25,2.1,0,95.4,Normal,False
2026-06-26T11:04:59,55,True,0,50,2.48,2.29,12.0,11.78,0.11,0.09,28.9,28.9,0.2,0.22,1.8,0,97.2,Normal,False
2026-06-26T11:05:00,56,True,0,50,2.49,2.29,11.99,11.74,0.1,0.1,28.9,29.0,0.19,0.26,2.1,0,98.4,Normal,False
2026-06-26T11:05:01,57,True,0,50,2.5,2.3,12.0,11.82,0.09,0.1,28.9,28.8,0.2,0.18,1.5,0,95.1,Normal,False
2026-06-26T11:05:02,58,True,0,50,2.48,2.29,12.04,11.84,0.1,0.08,28.9,29.0,0.19,0.2,1.6,0,96.0,Normal,False
2026-06-26T11:05:03,59,True,0,50,2.52,2.31,11.95,11.79,0.09,0.08,29.0,29.1,0.21,0.16,1.3,0,94.3,Normal,False
2026-06-26T11:05:04,60,True,0,50,2.5,2.29,11.93,11.8,0.11,0.08,29.1,29.0,0.21,0.13,1.1,0,95.8,Normal,False
2026-06-26T11:05:05,61,True,0,50,2.52,2.28,11.97,11.77,0.1,0.09,29.1,29.2,0.23,0.2,1.6,0,98.9,Normal,False
2026-06-26T11:05:06,62,True,0,50,2.48,2.32,11.99,11.81,0.11,0.09,28.9,28.9,0.16,0.18,1.5,0,98.1,Normal,False
2026-06-26T11:05:07,63,True,0,50,2.52,2.31,12.05,11.88,0.11,0.1,29.0,29.1,0.21,0.18,1.5,0,96.1,Normal,False
2026-06-26T11:05:08,64,True,0,50,2.51,2.31,11.95,11.81,0.09,0.1,29.1,29.1,0.21,0.15,1.2,0,96.0,Normal,False
2026-06-26T11:05:09,65,True,0,50,2.5,2.28,11.98,11.73,0.1,0.1,29.1,29.1,0.21,0.25,2.1,0,98.2,Normal,False
2026-06-26T11:05:10,66,True,0,50,2.5,2.32,12.03,11.73,0.1,0.08,28.9,28.9,0.17,0.3,2.5,0,98.7,Normal,False
2026-06-26T11:05:11,67,True,0,50,2.49,2.28,12.07,11.82,0.1,0.1,28.9,28.9,0.22,0.25,2.1,0,95.3,Normal,False
2026-06-26T11:05:12,68,True,0,50,2.5,2.31,11.95,11.77,0.09,0.09,29.1,29.1,0.19,0.18,1.5,0,97.5,Normal,False
2026-06-26T11:05:13,69,True,0,50,2.5,2.3,12.0,11.72,0.1,0.1,28.9,28.8,0.2,0.28,2.3,0,94.4,Normal,False
2026-06-26T11:05:14,70,True,0,50,2.5,2.31,11.92,11.76,0.1,0.08,29.1,29.1,0.19,0.16,1.3,0,98.6,Normal,False
2026-06-26T11:05:15,71,True,0,50,2.51,2.31,11.98,11.75,0.1,0.09,29.1,29.1,0.2,0.24,2.0,0,98.2,Normal,False
2026-06-26T11:05:16,72,True,0,50,2.5,2.3,12.02,11.88,0.11,0.08,29.0,28.9,0.19,0.15,1.2,0,96.1,Normal,False
2026-06-26T11:05:17,73,True,0,50,2.52,2.29,11.93,11.85,0.11,0.1,28.9,29.0,0.23,0.08,0.7,0,94.3,Normal,False
2026-06-26T11:05:18,74,True,0,50,2.5,2.3,12.0,11.75,0.09,0.08,28.9,29.0,0.19,0.25,2.1,0,97.5,Normal,False
2026-06-26T11:05:19,75,True,0,50,2.49,2.28,12.06,11.83,0.1,0.08,28.9,29.0,0.21,0.23,1.9,0,98.6,Normal,False
2026-06-26T11:05:20,76,True,0,50,2.52,2.29,12.0,11.87,0.1,0.09,29.0,29.0,0.23,0.13,1.1,0,94.9,Normal,False
2026-06-26T11:05:21,77,True,0,50,2.48,2.28,12.02,11.88,0.11,0.08,28.9,28.9,0.2,0.14,1.2,0,96.7,Normal,False
2026-06-26T11:05:22,78,True,0,50,2.49,2.3,11.95,11.72,0.09,0.09,29.0,29.1,0.18,0.22,1.9,0,96.8,Normal,False
2026-06-26T11:05:23,79,True,0,50,2.52,2.31,11.97,11.78,0.1,0.08,28.9,28.9,0.22,0.18,1.5,0,95.2,Normal,False
2026-06-26T11:05:24,80,True,0,50,2.5,2.32,12.02,11.82,0.1,0.08,29.1,29.1,0.18,0.2,1.7,0,98.3,Normal,False
2026-06-26T11:05:25,81,True,0,50,2.5,2.29,12.07,11.78,0.11,0.09,29.0,29.0,0.21,0.29,2.4,0,96.4,Normal,False
2026-06-26T11:05:26,82,True,0,50,2.48,2.31,11.99,11.82,0.09,0.1,28.9,29.0,0.16,0.17,1.4,0,97.7,Normal,False
2026-06-26T11:05:27,83,True,0,50,2.49,2.31,12.04,11.84,0.1,0.1,28.9,28.9,0.18,0.2,1.7,0,96.6,Normal,False
2026-06-26T11:05:28,84,True,0,50,2.49,2.32,12.01,11.84,0.11,0.09,28.9,29.0,0.16,0.17,1.5,0,96.2,Normal,False
2026-06-26T11:05:29,85,True,0,50,2.52,2.32,11.96,11.8,0.1,0.08,28.9,28.9,0.19,0.16,1.3,0,98.4,Normal,False
2026-06-26T11:05:30,86,True,0,50,2.51,2.28,12.03,11.8,0.09,0.09,29.0,29.0,0.23,0.23,2.0,0,98.6,Normal,False
2026-06-26T11:05:31,87,True,0,50,2.5,2.3,11.97,11.73,0.11,0.08,29.0,28.9,0.2,0.24,2.0,0,96.4,Normal,False
2026-06-26T11:05:32,88,True,0,50,2.51,2.31,11.98,11.74,0.11,0.09,29.0,29.0,0.2,0.24,2.0,0,97.0,Normal,False
2026-06-26T11:05:33,89,True,0,50,2.48,2.28,12.02,11.81,0.09,0.08,29.0,29.0,0.2,0.22,1.8,0,97.6,Normal,False
2026-06-26T11:05:34,90,True,0,50,2.48,2.3,11.98,11.73,0.09,0.08,28.9,29.0,0.17,0.25,2.1,0,95.0,Normal,False
2026-06-26T11:05:35,91,True,0,50,2.5,2.3,12.06,11.74,0.1,0.1,29.0,28.9,0.2,0.33,2.7,0,98.7,Normal,False
2026-06-26T11:05:36,92,True,0,50,2.48,2.29,11.99,11.84,0.11,0.08,28.9,28.8,0.19,0.14,1.2,0,97.0,Normal,False
2026-06-26T11:05:37,93,True,0,50,2.52,2.29,11.97,11.83,0.1,0.1,29.0,29.0,0.23,0.13,1.1,0,98.5,Normal,False
2026-06-26T11:05:38,94,True,0,50,2.5,2.28,12.07,11.85,0.1,0.09,28.9,29.0,0.22,0.23,1.9,0,97.9,Normal,False
2026-06-26T11:05:39,95,True,0,50,2.49,2.3,12.02,11.8,0.09,0.08,29.0,29.1,0.19,0.22,1.8,0,97.1,Normal,False
2026-06-26T11:05:40,96,True,0,50,2.49,2.3,11.99,11.82,0.09,0.1,28.9,28.8,0.19,0.17,1.4,0,98.2,Normal,False
2026-06-26T11:05:41,97,True,0,50,2.51,2.3,12.03,11.72,0.1,0.09,28.9,28.9,0.21,0.31,2.5,0,94.2,Normal,False
2026-06-26T11:05:42,98,True,0,50,2.49,2.32,12.05,11.78,0.11,0.09,29.0,29.1,0.17,0.27,2.3,0,96.0,Normal,False
2026-06-26T11:05:43,99,True,0,50,2.5,2.32,11.95,11.81,0.1,0.09,29.1,29.2,0.19,0.14,1.2,0,96.9,Normal,False
2026-06-26T11:05:44,100,True,0,50,2.5,2.31,11.99,11.73,0.1,0.1,29.0,28.9,0.18,0.26,2.2,0,95.4,Normal,False
2026-06-26T11:05:45,102,True,3,50,2.5,1.6,11.98,9.46,0.38,0.4,29.0,29.1,0.9,2.52,21.0,3,77.3,Moderate,True
2026-06-26T11:05:46,103,True,3,50,2.48,1.61,11.94,9.43,0.39,0.39,29.1,29.2,0.87,2.51,21.1,3,78.3,Moderate,True
2026-06-26T11:05:47,104,True,3,50,2.49,1.66,12.07,9.47,0.37,0.4,29.0,29.1,0.83,2.6,21.5,3,75.8,Moderate,True
2026-06-26T11:05:48,105,True,3,50,2.49,1.64,11.97,9.49,0.4,0.37,29.1,29.2,0.85,2.48,20.7,3,78.5,Moderate,True
2026-06-26T11:05:49,106,True,3,50,2.52,1.61,11.96,9.5,0.38,0.39,29.0,29.1,0.91,2.46,20.6,3,79.7,Moderate,True
2026-06-26T11:05:50,107,True,3,50,2.5,1.65,11.98,9.55,0.39,0.41,29.0,29.1,0.84,2.43,20.3,3,74.7,Moderate,True
2026-06-26T11:05:51,108,True,3,50,2.51,1.64,11.99,9.49,0.38,0.38,28.9,28.9,0.87,2.5,20.9,3,79.0,Moderate,True
2026-06-26T11:05:52,109,True,3,50,2.5,1.6,12.01,9.6,0.37,0.4,29.1,29.2,0.9,2.41,20.0,3,75.9,Moderate,True
2026-06-26T11:05:53,110,True,3,50,2.49,1.65,12.01,9.51,0.4,0.36,29.1,29.0,0.83,2.5,20.8,3,77.8,Moderate,True
2026-06-26T11:05:54,111,True,3,50,2.52,1.63,12.0,9.54,0.41,0.37,28.9,28.8,0.89,2.46,20.5,3,76.2,Moderate,True
2026-06-26T11:05:55,112,True,3,50,2.52,1.62,11.96,9.52,0.4,0.37,29.1,29.1,0.91,2.44,20.4,3,75.4,Moderate,True
2026-06-26T11:05:56,113,True,3,50,2.52,1.61,12.05,9.52,0.38,0.37,29.1,29.0,0.91,2.53,21.0,3,76.0,Moderate,True
2026-06-26T11:05:57,114,True,3,50,2.51,1.63,12.01,9.5,0.37,0.37,29.1,29.1,0.88,2.51,20.9,3,79.7,Moderate,True
2026-06-26T11:05:58,115,True,3,50,2.52,1.65,12.01,9.51,0.41,0.38,28.9,29.0,0.87,2.5,20.8,3,78.9,Moderate,True
2026-06-26T11:05:59,116,True,3,50,2.5,1.59,12.06,9.54,0.37,0.37,29.1,29.2,0.9,2.52,20.9,3,78.4,Moderate,True
2026-06-26T11:06:00,117,True,3,50,2.49,1.64,12.05,9.64,0.37,0.39,29.0,29.0,0.85,2.41,20.0,3,80.2,Moderate,True
2026-06-26T11:06:01,118,True,3,50,2.49,1.66,12.02,9.61,0.39,0.37,28.9,29.0,0.84,2.41,20.0,3,79.3,Moderate,True
2026-06-26T11:06:02,119,True,3,50,2.52,1.62,12.04,9.57,0.37,0.41,29.0,29.0,0.9,2.47,20.6,3,76.5,Moderate,True
2026-06-26T11:06:03,120,True,3,50,2.48,1.63,11.92,9.39,0.37,0.38,28.9,28.8,0.85,2.54,21.3,3,75.1,Moderate,True
2026-06-26T11:06:04,121,True,3,50,2.49,1.6,11.92,9.37,0.4,0.37,28.9,29.0,0.9,2.55,21.4,3,77.5,Moderate,True
2026-06-26T11:06:05,122,True,3,50,2.51,1.63,11.98,9.57,0.37,0.39,29.1,29.0,0.87,2.4,20.0,3,76.5,Moderate,True
2026-06-26T11:06:06,123,True,3,50,2.5,1.65,12.0,9.45,0.39,0.41,29.1,29.2,0.84,2.55,21.3,3,75.3,Moderate,True
2026-06-26T11:06:07,124,True,3,50,2.5,1.62,12.02,9.6,0.37,0.41,29.0,28.9,0.88,2.42,20.1,3,79.8,Moderate,True
2026-06-26T11:06:08,125,True,3,50,2.52,1.59,12.01,9.42,0.37,0.41,28.9,29.0,0.93,2.58,21.5,3,79.8,Moderate,True
2026-06-26T11:06:09,126,True,3,50,2.52,1.63,12.07,9.55,0.41,0.4,28.9,28.9,0.89,2.52,20.8,3,77.7,Moderate,True
2026-06-26T11:06:10,127,True,3,50,2.5,1.64,11.99,9.45,0.38,0.4,29.0,29.1,0.86,2.54,21.2,3,75.4,Moderate,True
2026-06-26T11:06:11,128,True,3,50,2.52,1.62,11.98,9.57,0.38,0.39,29.0,28.9,0.9,2.41,20.1,3,77.4,Moderate,True
2026-06-26T11:06:12,129,True,3,50,2.5,1.64,11.92,9.38,0.37,0.4,28.9,28.8,0.86,2.55,21.3,3,78.0,Moderate,True
2026-06-26T11:06:13,130,True,3,50,2.51,1.66,12.05,9.48,0.38,0.39,29.0,29.0,0.85,2.57,21.3,3,76.2,Moderate,True
2026-06-26T11:06:14,131,True,3,50,2.51,1.63,12.03,9.51,0.38,0.38,28.9,28.8,0.87,2.52,21.0,3,78.0,Moderate,True
2026-06-26T11:06:15,132,True,3,50,2.51,1.65,12.05,9.45,0.39,0.39,29.0,29.0,0.85,2.6,21.6,3,76.8,Moderate,True
2026-06-26T11:06:16,133,True,3,50,2.51,1.63,12.07,9.48,0.38,0.37,29.0,29.0,0.88,2.59,21.5,3,74.6,Moderate,True
2026-06-26T11:06:17,134,True,3,50,2.51,1.6,12.02,9.44,0.4,0.38,29.0,29.0,0.91,2.58,21.5,3,79.3,Moderate,True
2026-06-26T11:06:18,135,True,3,50,2.52,1.61,12.0,9.59,0.39,0.36,29.0,28.9,0.91,2.42,20.1,3,78.3,Moderate,True
2026-06-26T11:06:20,136,True,3,50,2.52,1.6,11.97,9.49,0.38,0.4,28.9,28.8,0.91,2.48,20.7,3,74.7,Moderate,True
2026-06-26T11:06:21,137,True,3,50,2.51,1.65,12.03,9.62,0.39,0.39,29.1,29.0,0.85,2.41,20.0,3,77.2,Moderate,True
2026-06-26T11:06:22,138,True,3,50,2.5,1.65,12.05,9.57,0.37,0.38,29.1,29.2,0.85,2.49,20.6,3,75.0,Moderate,True
2026-06-26T11:06:23,139,True,3,50,2.48,1.59,12.07,9.61,0.41,0.41,28.9,29.0,0.89,2.46,20.4,3,74.8,Moderate,True
2026-06-26T11:06:24,140,True,3,50,2.51,1.66,12.01,9.43,0.41,0.38,29.1,29.2,0.86,2.59,21.5,3,79.7,Moderate,True
2026-06-26T11:06:25,141,True,3,50,2.49,1.62,11.99,9.48,0.38,0.4,28.9,28.9,0.87,2.52,21.0,3,74.7,Moderate,True
2026-06-26T11:06:26,142,True,3,50,2.51,1.66,12.08,9.52,0.4,0.4,28.9,28.8,0.85,2.55,21.1,3,79.1,Moderate,True
2026-06-26T11:06:27,143,True,3,50,2.51,1.61,12.01,9.54,0.37,0.37,28.9,28.9,0.9,2.46,20.5,3,79.2,Moderate,True
2026-06-26T11:06:28,144,True,3,50,2.5,1.65,11.99,9.55,0.4,0.38,29.1,29.1,0.85,2.44,20.4,3,77.1,Moderate,True
2026-06-26T11:06:29,145,True,3,50,2.52,1.65,11.93,9.46,0.4,0.39,29.1,29.1,0.87,2.47,20.7,3,76.8,Moderate,True
2026-06-26T11:06:30,146,True,3,50,2.48,1.62,12.02,9.54,0.37,0.38,29.1,29.1,0.86,2.48,20.6,3,75.3,Moderate,True
2026-06-26T11:06:31,147,True,3,50,2.52,1.63,12.04,9.56,0.37,0.4,29.0,29.1,0.89,2.48,20.6,3,77.4,Moderate,True
2026-06-26T11:06:32,148,True,3,50,2.52,1.62,12.06,9.59,0.37,0.41,29.1,29.2,0.89,2.47,20.5,3,77.3,Moderate,True
2026-06-26T11:06:33,149,True,3,50,2.48,1.6,12.08,9.67,0.41,0.4,29.1,29.1,0.88,2.41,19.9,3,79.7,Moderate,True
2026-06-26T11:06:34,150,True,3,50,2.51,1.6,12.0,9.58,0.4,0.4,29.1,29.2,0.92,2.42,20.2,3,76.4,Moderate,True
2026-06-26T11:06:35,151,True,3,50,2.51,1.6,12.07,9.53,0.4,0.39,28.9,28.9,0.91,2.54,21.1,3,78.6,Moderate,True
2026-06-26T11:06:36,152,True,3,50,2.48,1.64,12.07,9.66,0.38,0.41,29.0,28.9,0.84,2.41,20.0,3,76.4,Moderate,True
2026-06-26T11:06:37,153,True,3,50,2.48,1.61,12.03,9.58,0.4,0.4,29.0,28.9,0.88,2.45,20.4,3,79.8,Moderate,True
2026-06-26T11:06:38,154,True,3,50,2.48,1.6,12.01,9.54,0.38,0.39,28.9,28.9,0.88,2.47,20.5,3,76.2,Moderate,True
2026-06-26T11:06:39,155,True,3,50,2.5,1.6,11.95,9.52,0.38,0.41,29.0,29.1,0.9,2.43,20.3,3,75.5,Moderate,True
2026-06-26T11:06:40,156,True,3,50,2.51,1.65,12.01,9.42,0.41,0.41,28.9,28.8,0.87,2.6,21.6,3,75.8,Moderate,True
2026-06-26T11:06:41,157,True,3,50,2.52,1.64,12.0,9.55,0.38,0.41,29.0,29.0,0.88,2.45,20.4,3,79.1,Moderate,True
2026-06-26T11:06:42,158,True,3,50,2.48,1.61,12.04,9.46,0.4,0.41,29.0,29.0,0.87,2.58,21.4,3,79.1,Moderate,True
2026-06-26T11:06:43,159,True,3,50,2.49,1.6,11.95,9.45,0.4,0.37,29.0,28.9,0.89,2.5,20.9,3,76.1,Moderate,True
2026-06-26T11:06:44,160,True,3,50,2.52,1.63,12.03,9.59,0.41,0.38,28.9,28.9,0.89,2.44,20.3,3,75.2,Moderate,True
2026-06-26T11:06:45,161,True,3,50,2.49,1.65,12.05,9.46,0.4,0.38,29.0,29.0,0.83,2.6,21.5,3,75.6,Moderate,True
2026-06-26T11:06:46,162,True,3,50,2.52,1.61,12.05,9.53,0.39,0.39,28.9,28.8,0.91,2.52,20.9,3,75.4,Moderate,True
2026-06-26T11:06:47,163,True,3,50,2.51,1.66,11.92,9.48,0.37,0.41,29.0,29.0,0.85,2.44,20.5,3,75.4,Moderate,True
2026-06-26T11:06:48,164,True,3,50,2.5,1.63,12.01,9.41,0.37,0.39,29.0,29.0,0.87,2.6,21.6,3,78.1,Moderate,True
2026-06-26T11:06:49,165,True,3,50,2.5,1.64,12.06,9.59,0.39,0.41,28.9,28.9,0.87,2.47,20.5,3,77.6,Moderate,True
2026-06-26T11:06:50,166,True,3,50,2.5,1.62,11.95,9.46,0.4,0.39,28.9,28.9,0.87,2.5,20.9,3,77.5,Moderate,True
2026-06-26T11:06:51,167,True,3,50,2.48,1.62,11.93,9.45,0.38,0.4,29.0,29.1,0.86,2.49,20.8,3,77.1,Moderate,True
2026-06-26T11:06:52,168,True,3,50,2.48,1.63,12.05,9.59,0.39,0.37,28.9,28.8,0.85,2.46,20.4,3,77.0,Moderate,True
2026-06-26T11:06:53,169,True,3,50,2.48,1.64,12.05,9.52,0.4,0.37,29.1,29.2,0.84,2.54,21.0,3,76.2,Moderate,True
2026-06-26T11:06:54,170,True,3,50,2.49,1.63,12.03,9.51,0.38,0.38,29.0,29.1,0.85,2.51,20.9,3,77.2,Moderate,True
2026-06-26T11:06:55,171,True,3,50,2.5,1.61,12.0,9.51,0.38,0.37,28.9,28.9,0.9,2.49,20.8,3,75.4,Moderate,True
2026-06-26T11:06:56,172,True,3,50,2.52,1.61,12.0,9.56,0.38,0.4,29.0,29.1,0.92,2.45,20.4,3,77.7,Moderate,True
2026-06-26T11:06:57,173,True,3,50,2.48,1.65,11.93,9.43,0.4,0.38,28.9,28.8,0.84,2.5,21.0,3,80.2,Moderate,True
2026-06-26T11:06:58,174,True,3,50,2.52,1.6,11.95,9.54,0.37,0.38,29.1,29.1,0.92,2.41,20.2,3,78.3,Moderate,True
2026-06-26T11:06:59,175,True,3,50,2.49,1.66,11.97,9.38,0.4,0.41,28.9,28.9,0.83,2.59,21.6,3,76.7,Moderate,True
2026-06-26T11:07:00,176,True,3,50,2.48,1.65,11.93,9.5,0.37,0.39,28.9,28.8,0.84,2.44,20.4,3,79.8,Moderate,True
2026-06-26T11:07:01,177,True,3,50,2.51,1.65,11.99,9.51,0.41,0.37,29.1,29.1,0.86,2.48,20.7,3,77.1,Moderate,True
2026-06-26T11:07:02,178,True,3,50,2.49,1.66,12.03,9.6,0.37,0.38,29.0,29.0,0.83,2.43,20.2,3,74.5,Moderate,True
2026-06-26T11:07:03,179,True,3,50,2.52,1.59,11.97,9.41,0.4,0.41,29.1,29.2,0.93,2.57,21.4,3,80.4,Moderate,True
2026-06-26T11:07:04,180,True,3,50,2.49,1.64,12.02,9.51,0.4,0.37,29.1,29.1,0.84,2.52,20.9,3,77.2,Moderate,True
2026-06-26T11:07:05,181,True,3,50,2.51,1.62,12.04,9.56,0.39,0.4,29.1,29.2,0.89,2.48,20.6,3,75.9,Moderate,True
2026-06-26T11:07:06,182,True,3,50,2.51,1.63,12.0,9.53,0.4,0.39,29.1,29.1,0.87,2.47,20.6,3,79.7,Moderate,True
2026-06-26T11:07:07,183,True,3,50,2.52,1.63,11.98,9.39,0.39,0.37,29.1,29.0,0.89,2.59,21.6,3,79.9,Moderate,True
2026-06-26T11:07:08,184,True,3,50,2.52,1.62,11.97,9.46,0.4,0.38,29.1,29.1,0.9,2.51,21.0,3,76.1,Moderate,True
2026-06-26T11:07:09,185,True,3,50,2.51,1.61,11.93,9.36,0.4,0.4,28.9,28.9,0.9,2.57,21.6,3,78.8,Moderate,True
2026-06-26T11:07:10,186,True,3,50,2.48,1.62,12.06,9.48,0.39,0.38,29.0,28.9,0.87,2.58,21.4,3,77.3,Moderate,True
2026-06-26T11:07:11,187,True,3,50,2.51,1.65,12.0,9.55,0.39,0.38,29.1,29.2,0.86,2.46,20.5,3,77.4,Moderate,True
2026-06-26T11:07:12,188,True,3,50,2.49,1.6,11.98,9.44,0.37,0.39,28.9,29.0,0.89,2.54,21.2,3,78.5,Moderate,True
2026-06-26T11:07:13,189,True,3,50,2.49,1.63,11.94,9.46,0.41,0.39,29.0,29.1,0.85,2.47,20.7,3,78.0,Moderate,True
2026-06-26T11:07:14,190,True,3,50,2.48,1.66,12.03,9.53,0.37,0.41,28.9,28.9,0.82,2.51,20.8,3,79.4,Moderate,True
2026-06-26T11:07:15,191,True,3,50,2.51,1.64,11.94,9.47,0.4,0.38,28.9,28.9,0.86,2.48,20.7,3,75.6,Moderate,True
2026-06-26T11:07:16,192,True,3,50,2.48,1.61,11.96,9.42,0.4,0.37,29.0,29.0,0.87,2.54,21.3,3,79.6,Moderate,True
2026-06-26T11:07:17,193,True,3,50,2.49,1.64,11.94,9.49,0.38,0.39,28.9,28.9,0.85,2.45,20.5,3,78.1,Moderate,True
2026-06-26T11:07:18,194,True,3,50,2.49,1.6,11.92,9.34,0.38,0.39,28.9,29.0,0.89,2.58,21.7,3,78.3,Moderate,True
2026-06-26T11:07:19,195,True,3,50,2.49,1.64,12.07,9.5,0.38,0.39,29.1,29.1,0.85,2.57,21.3,3,76.4,Moderate,True
2026-06-26T11:07:20,196,True,3,50,2.5,1.62,12.07,9.57,0.39,0.38,29.1,29.0,0.89,2.5,20.7,3,79.2,Moderate,True
2026-06-26T11:07:21,197,True,3,50,2.51,1.6,11.92,9.34,0.41,0.41,28.9,28.9,0.91,2.58,21.7,3,75.5,Moderate,True
2026-06-26T11:07:22,198,True,3,50,2.48,1.63,12.01,9.47,0.41,0.39,29.1,29.2,0.85,2.55,21.2,3,80.3,Moderate,True
2026-06-26T11:07:23,199,True,3,50,2.51,1.61,11.99,9.46,0.41,0.38,28.9,28.8,0.9,2.53,21.1,3,75.9,Moderate,True
2026-06-26T11:07:24,200,True,3,50,2.48,1.65,12.06,9.61,0.38,0.39,28.9,28.9,0.84,2.45,20.3,3,79.8,Moderate,True
2026-06-26T11:07:25,201,True,3,50,2.52,1.63,12.06,9.53,0.4,0.37,29.0,29.1,0.89,2.52,20.9,3,74.9,Moderate,True
2026-06-26T11:07:26,202,True,3,50,2.51,1.65,12.0,9.5,0.37,0.41,28.9,29.0,0.86,2.51,20.9,3,75.1,Moderate,True
2026-06-26T11:07:27,203,True,3,50,2.49,1.6,12.02,9.51,0.38,0.41,28.9,28.9,0.89,2.51,20.9,3,75.9,Moderate,True
2026-06-26T11:07:28,204,True,3,50,2.51,1.62,11.95,9.37,0.4,0.38,29.1,29.1,0.89,2.57,21.5,3,78.9,Moderate,True
2026-06-26T11:07:29,205,True,3,50,2.48,1.63,12.01,9.58,0.37,0.41,29.0,29.0,0.85,2.43,20.3,3,75.1,Moderate,True
2026-06-26T11:07:30,206,True,3,50,2.5,1.6,12.01,9.53,0.4,0.37,28.9,28.8,0.89,2.48,20.6,3,78.8,Moderate,True
2026-06-26T11:07:31,207,True,3,50,2.5,1.62,12.0,9.45,0.37,0.39,29.0,29.0,0.88,2.55,21.2,3,77.5,Moderate,True
2026-06-26T11:07:32,208,True,3,50,2.49,1.64,11.99,9.51,0.4,0.41,29.0,29.0,0.85,2.49,20.7,3,74.7,Moderate,True
2026-06-26T11:07:33,209,True,3,50,2.48,1.59,11.98,9.42,0.39,0.38,29.0,29.1,0.89,2.56,21.4,3,77.3,Moderate,True
2026-06-26T11:07:34,210,True,3,50,2.48,1.63,11.94,9.4,0.39,0.37,29.1,29.0,0.85,2.54,21.3,3,75.9,Moderate,True
2026-06-26T11:07:35,211,True,3,50,2.48,1.63,11.93,9.36,0.37,0.41,28.9,29.0,0.85,2.57,21.5,3,76.0,Moderate,True
2026-06-26T11:07:36,212,True,3,50,2.49,1.59,12.06,9.53,0.41,0.39,29.0,29.0,0.9,2.53,20.9,3,76.5,Moderate,True
2026-06-26T11:07:37,213,True,3,50,2.48,1.64,11.93,9.52,0.4,0.39,28.9,29.0,0.84,2.41,20.2,3,79.5,Moderate,True
2026-06-26T11:07:38,214,True,3,50,2.49,1.61,12.07,9.48,0.39,0.4,29.1,29.2,0.88,2.59,21.4,3,80.1,Moderate,True
2026-06-26T11:07:39,215,True,3,50,2.51,1.64,12.06,9.61,0.4,0.4,29.0,29.0,0.87,2.45,20.3,3,76.5,Moderate,True
2026-06-26T11:07:40,216,True,3,50,2.51,1.61,11.94,9.45,0.4,0.39,29.0,29.0,0.9,2.5,20.9,3,75.2,Moderate,True
2026-06-26T11:07:41,217,True,3,50,2.49,1.6,12.04,9.6,0.39,0.4,29.0,29.0,0.89,2.44,20.2,3,75.5,Moderate,True
2026-06-26T11:07:42,218,True,3,50,2.48,1.6,11.95,9.49,0.4,0.4,29.1,29.0,0.87,2.46,20.6,3,79.7,Moderate,True
2026-06-26T11:07:43,219,True,3,50,2.5,1.6,11.96,9.36,0.4,0.39,29.1,29.1,0.9,2.6,21.7,3,75.8,Moderate,True
2026-06-26T11:07:44,220,True,3,50,2.51,1.63,11.92,9.36,0.37,0.38,29.0,29.0,0.89,2.56,21.5,3,79.3,Moderate,True
2026-06-26T11:07:45,221,True,3,50,2.5,1.63,12.0,9.59,0.38,0.39,29.1,29.0,0.87,2.41,20.1,3,80.3,Moderate,True
2026-06-26T11:07:46,222,True,3,50,2.49,1.62,12.07,9.63,0.39,0.38,28.9,28.8,0.88,2.44,20.2,3,77.5,Moderate,True
2026-06-26T11:07:47,223,True,3,50,2.48,1.62,12.04,9.56,0.38,0.4,28.9,29.0,0.86,2.48,20.6,3,78.0,Moderate,True
2026-06-26T11:07:48,224,True,3,50,2.51,1.62,12.05,9.57,0.4,0.4,29.1,29.0,0.89,2.49,20.6,3,77.6,Moderate,True
2026-06-26T11:07:49,225,True,3,50,2.48,1.66,12.0,9.59,0.41,0.39,29.0,29.0,0.82,2.41,20.1,3,76.5,Moderate,True
2026-06-26T11:07:50,226,True,3,50,2.48,1.6,12.01,9.49,0.4,0.39,29.0,29.1,0.87,2.52,21.0,3,74.5,Moderate,True
2026-06-26T11:07:51,227,True,3,50,2.48,1.66,12.06,9.66,0.37,0.39,28.9,28.8,0.82,2.4,19.9,3,78.9,Moderate,True
2026-06-26T11:07:52,228,True,3,50,2.49,1.6,12.06,9.57,0.37,0.39,28.9,28.9,0.89,2.49,20.6,3,74.9,Moderate,True
2026-06-26T11:07:53,229,True,3,50,2.49,1.66,12.08,9.55,0.37,0.38,29.0,29.0,0.83,2.52,20.9,3,77.8,Moderate,True
2026-06-26T11:07:54,230,True,3,50,2.48,1.63,12.0,9.5,0.41,0.41,29.0,28.9,0.85,2.5,20.8,3,77.5,Moderate,True
2026-06-26T11:07:55,231,True,3,50,2.52,1.63,11.96,9.37,0.38,0.4,29.1,29.2,0.89,2.58,21.6,3,79.0,Moderate,True
2026-06-26T11:07:56,232,True,3,50,2.49,1.6,11.98,9.51,0.39,0.39,28.9,29.0,0.89,2.47,20.6,3,77.5,Moderate,True
2026-06-26T11:07:57,233,True,3,50,2.51,1.65,11.95,9.35,0.39,0.38,28.9,28.8,0.86,2.6,21.7,3,78.4,Moderate,True
2026-06-26T11:07:58,234,True,3,50,2.49,1.6,12.02,9.46,0.4,0.38,29.1,29.2,0.89,2.56,21.3,3,77.1,Moderate,True
2026-06-26T11:07:59,235,True,3,50,2.52,1.59,12.06,9.61,0.37,0.37,29.0,29.0,0.93,2.45,20.3,3,78.8,Moderate,True
2026-06-26T11:08:00,236,True,3,50,2.52,1.65,12.03,9.44,0.4,0.4,29.1,29.1,0.87,2.59,21.5,3,77.5,Moderate,True
2026-06-26T11:08:01,237,True,3,50,2.52,1.65,11.94,9.46,0.38,0.38,28.9,28.9,0.87,2.48,20.7,3,77.6,Moderate,True
2026-06-26T11:08:02,238,True,3,50,2.48,1.65,12.0,9.57,0.4,0.4,29.1,29.1,0.83,2.43,20.2,3,77.6,Moderate,True
2026-06-26T11:08:03,239,True,3,50,2.48,1.66,11.94,9.37,0.38,0.4,29.0,29.1,0.82,2.57,21.5,3,75.3,Moderate,True
2026-06-26T11:08:04,240,True,3,50,2.51,1.64,12.06,9.62,0.4,0.4,29.0,28.9,0.86,2.44,20.2,3,80.4,Moderate,True
2026-06-26T11:08:05,241,True,3,50,2.49,1.62,12.0,9.44,0.4,0.41,29.0,28.9,0.87,2.56,21.3,3,74.6,Moderate,True
2026-06-26T11:08:06,242,True,3,50,2.49,1.59,11.99,9.43,0.38,0.4,29.0,28.9,0.89,2.56,21.3,3,75.9,Moderate,True
2026-06-26T11:08:07,243,True,3,50,2.52,1.65,11.94,9.4,0.39,0.4,29.1,29.1,0.87,2.55,21.3,3,78.8,Moderate,True
2026-06-26T11:08:08,244,True,3,50,2.49,1.63,11.97,9.45,0.38,0.38,29.0,29.1,0.86,2.52,21.1,3,77.5,Moderate,True
2026-06-26T11:08:09,245,True,3,50,2.5,1.63,11.97,9.44,0.38,0.39,29.0,28.9,0.87,2.52,21.1,3,76.9,Moderate,True
2026-06-26T11:08:10,246,True,3,50,2.51,1.61,11.96,9.42,0.41,0.39,28.9,28.9,0.9,2.54,21.3,3,79.2,Moderate,True
2026-06-26T11:08:11,247,True,3,50,2.49,1.63,12.08,9.65,0.4,0.4,29.0,29.0,0.86,2.43,20.1,3,78.9,Moderate,True
2026-06-26T11:08:12,248,True,3,50,2.52,1.64,12.0,9.56,0.4,0.37,28.9,29.0,0.87,2.44,20.3,3,79.9,Moderate,True
2026-06-26T11:08:13,249,True,3,50,2.48,1.65,12.02,9.45,0.39,0.39,29.0,29.0,0.84,2.57,21.4,3,79.1,Moderate,True
2026-06-26T11:08:14,250,True,3,50,2.51,1.59,12.0,9.45,0.37,0.37,29.1,29.1,0.92,2.55,21.2,3,79.3,Moderate,True
2026-06-26T11:08:15,251,True,3,50,2.52,1.65,12.08,9.67,0.37,0.38,29.0,29.0,0.86,2.41,20.0,3,77.8,Moderate,True
2026-06-26T11:08:16,252,True,3,50,2.49,1.61,11.93,9.44,0.37,0.39,28.9,28.9,0.88,2.49,20.8,3,79.0,Moderate,True
2026-06-26T11:08:17,253,True,3,50,2.52,1.63,11.96,9.42,0.41,0.41,29.0,29.0,0.89,2.53,21.2,3,76.8,Moderate,True
2026-06-26T11:08:18,254,True,3,50,2.51,1.62,11.99,9.51,0.39,0.38,28.9,28.9,0.89,2.48,20.7,3,75.5,Moderate,True
2026-06-26T11:08:19,255,True,3,50,2.48,1.63,12.07,9.52,0.39,0.4,29.0,29.0,0.85,2.56,21.2,3,79.2,Moderate,True
2026-06-26T11:08:20,256,True,3,50,2.51,1.66,12.07,9.57,0.4,0.37,28.9,28.8,0.85,2.51,20.8,3,75.6,Moderate,True
2026-06-26T11:08:21,257,True,3,50,2.5,1.59,12.03,9.53,0.38,0.39,29.1,29.1,0.9,2.5,20.8,3,76.7,Moderate,True
2026-06-26T11:08:22,258,True,3,50,2.52,1.6,12.05,9.54,0.39,0.4,28.9,29.0,0.92,2.5,20.8,3,75.9,Moderate,True
2026-06-26T11:08:23,259,True,3,50,2.48,1.64,12.04,9.55,0.4,0.36,29.0,28.9,0.85,2.49,20.7,3,76.1,Moderate,True
2026-06-26T11:08:24,260,True,3,50,2.49,1.62,11.95,9.53,0.38,0.37,29.0,28.9,0.86,2.42,20.3,3,79.7,Moderate,True
2026-06-26T11:08:25,261,True,3,50,2.5,1.59,12.04,9.59,0.41,0.38,28.9,28.9,0.9,2.45,20.4,3,80.1,Moderate,True
2026-06-26T11:08:26,262,True,3,50,2.52,1.61,11.96,9.5,0.38,0.39,28.9,28.9,0.9,2.46,20.6,3,79.3,Moderate,True
2026-06-26T11:08:27,263,True,3,50,2.51,1.59,12.03,9.49,0.37,0.38,29.1,29.1,0.91,2.53,21.1,3,78.6,Moderate,True
2026-06-26T11:08:28,264,True,3,50,2.48,1.63,11.98,9.4,0.41,0.38,29.0,29.0,0.85,2.57,21.5,3,75.0,Moderate,True
2026-06-26T11:08:29,265,True,3,50,2.51,1.66,12.06,9.62,0.4,0.41,28.9,29.0,0.85,2.45,20.3,3,79.2,Moderate,True
2026-06-26T11:08:30,266,True,3,50,2.51,1.61,12.01,9.42,0.37,0.41,29.0,29.0,0.9,2.59,21.6,3,76.9,Moderate,True
2026-06-26T11:08:31,267,True,3,50,2.5,1.66,12.08,9.6,0.41,0.38,29.1,29.1,0.84,2.48,20.5,3,79.4,Moderate,True
2026-06-26T11:08:32,268,True,3,50,2.49,1.65,12.06,9.46,0.37,0.37,29.0,29.1,0.84,2.59,21.5,3,76.1,Moderate,True
2026-06-26T11:08:33,269,True,3,50,2.48,1.61,11.98,9.42,0.39,0.38,29.1,29.0,0.87,2.56,21.4,3,74.9,Moderate,True
2026-06-26T11:08:34,270,True,3,50,2.49,1.61,12.03,9.46,0.4,0.4,29.1,29.2,0.88,2.56,21.3,3,76.9,Moderate,True
2026-06-26T11:08:35,271,True,3,50,2.49,1.63,12.04,9.5,0.37,0.37,28.9,29.0,0.87,2.54,21.1,3,79.4,Moderate,True
2026-06-26T11:08:36,272,True,3,50,2.52,1.64,11.94,9.45,0.38,0.39,28.9,28.9,0.88,2.49,20.8,3,79.2,Moderate,True
2026-06-26T11:08:37,273,True,3,50,2.52,1.64,11.93,9.39,0.37,0.4,29.0,29.0,0.88,2.54,21.3,3,76.6,Moderate,True
2026-06-26T11:08:38,274,True,3,50,2.51,1.61,11.96,9.42,0.4,0.41,28.9,28.9,0.9,2.55,21.3,3,79.3,Moderate,True
2026-06-26T11:08:39,275,True,3,50,2.5,1.62,11.97,9.51,0.36,0.37,28.9,29.0,0.88,2.46,20.5,3,77.2,Moderate,True
2026-06-26T11:08:40,276,True,3,50,2.52,1.64,12.06,9.51,0.41,0.4,29.0,28.9,0.88,2.55,21.1,3,77.5,Moderate,True
2026-06-26T11:08:41,277,True,3,50,2.49,1.6,11.99,9.54,0.4,0.41,29.0,29.0,0.89,2.46,20.5,3,74.6,Moderate,True
2026-06-26T11:08:42,278,True,3,50,2.51,1.64,12.02,9.59,0.37,0.41,28.9,29.0,0.87,2.44,20.3,3,76.9,Moderate,True
2026-06-26T11:08:43,279,True,3,50,2.52,1.61,12.0,9.58,0.39,0.37,29.1,29.0,0.91,2.42,20.2,3,77.5,Moderate,True
2026-06-26T11:08:44,280,True,3,50,2.48,1.66,12.06,9.66,0.4,0.37,28.9,28.8,0.83,2.41,19.9,3,79.5,Moderate,True
2026-06-26T11:08:45,281,True,3,50,2.48,1.65,11.98,9.43,0.37,0.38,29.1,29.1,0.84,2.55,21.3,3,78.9,Moderate,True
2026-06-26T11:08:46,282,True,3,50,2.52,1.64,11.97,9.38,0.36,0.37,28.9,29.0,0.88,2.6,21.7,3,77.1,Moderate,True
2026-06-26T11:08:47,283,True,3,50,2.5,1.6,11.98,9.51,0.39,0.37,29.1,29.0,0.89,2.47,20.6,3,76.1,Moderate,True
2026-06-26T11:08:48,284,True,3,50,2.51,1.59,12.03,9.55,0.41,0.37,29.0,29.0,0.92,2.48,20.6,3,78.0,Moderate,True
2026-06-26T11:08:49,285,True,3,50,2.5,1.61,12.05,9.55,0.39,0.37,28.9,29.0,0.89,2.5,20.8,3,76.1,Moderate,True
2026-06-26T11:08:50,286,True,3,50,2.5,1.59,12.02,9.46,0.4,0.37,28.9,29.0,0.91,2.56,21.3,3,80.2,Moderate,True
2026-06-26T11:08:51,287,True,3,50,2.48,1.63,11.93,9.49,0.38,0.37,29.1,29.1,0.86,2.44,20.4,3,75.1,Moderate,True
2026-06-26T11:08:52,288,True,3,50,2.51,1.65,12.07,9.59,0.4,0.39,29.0,29.1,0.86,2.49,20.6,3,77.0,Moderate,True
2026-06-26T11:08:53,289,True,3,50,2.51,1.66,12.02,9.55,0.37,0.41,29.0,28.9,0.85,2.47,20.6,3,79.9,Moderate,True
2026-06-26T11:08:54,290,True,3,50,2.5,1.61,11.98,9.38,0.39,0.39,29.1,29.2,0.88,2.6,21.7,3,75.9,Moderate,True
2026-06-26T11:08:55,291,True,3,50,2.5,1.61,12.04,9.52,0.4,0.37,28.9,28.9,0.89,2.52,20.9,3,75.2,Moderate,True
2026-06-26T11:08:56,292,True,3,50,2.5,1.66,11.92,9.39,0.4,0.4,28.9,28.9,0.84,2.53,21.2,3,75.4,Moderate,True
2026-06-26T11:08:57,293,True,3,50,2.52,1.59,11.94,9.41,0.39,0.38,29.1,29.1,0.93,2.52,21.1,3,74.9,Moderate,True
2026-06-26T11:08:58,294,True,3,50,2.48,1.61,11.98,9.46,0.36,0.39,28.9,29.0,0.86,2.52,21.0,3,79.1,Moderate,True
2026-06-26T11:08:59,295,True,3,50,2.5,1.61,12.04,9.49,0.38,0.41,28.9,28.8,0.89,2.54,21.1,3,78.4,Moderate,True
2026-06-26T11:09:00,296,True,3,50,2.48,1.64,12.01,9.54,0.4,0.37,28.9,28.9,0.84,2.47,20.6,3,78.3,Moderate,True
2026-06-26T11:09:01,297,True,3,50,2.48,1.62,11.99,9.5,0.39,0.37,29.0,29.1,0.86,2.49,20.7,3,80.5,Moderate,True
2026-06-26T11:09:02,298,True,3,50,2.51,1.59,12.05,9.49,0.39,0.39,28.9,28.8,0.92,2.56,21.2,3,77.3,Moderate,True
2026-06-26T11:09:03,299,True,3,50,2.48,1.61,11.96,9.4,0.4,0.39,29.0,29.1,0.87,2.57,21.5,3,79.3,Moderate,True
2026-06-26T11:09:04,300,True,3,50,2.48,1.59,11.94,9.4,0.4,0.37,29.0,29.1,0.89,2.53,21.2,3,78.0,Moderate,True
2026-06-26T11:09:05,301,True,3,50,2.48,1.66,12.01,9.47,0.37,0.41,28.9,28.8,0.82,2.54,21.1,3,78.1,Moderate,True
2026-06-26T11:09:06,302,True,3,50,2.48,1.65,12.02,9.55,0.41,0.4,29.1,29.2,0.84,2.48,20.6,3,80.3,Moderate,True
2026-06-26T11:09:07,303,True,3,50,2.49,1.61,11.95,9.36,0.4,0.38,29.0,29.0,0.89,2.59,21.7,3,75.3,Moderate,True
2026-06-26T11:09:08,304,True,3,50,2.49,1.6,12.01,9.61,0.39,0.39,29.1,29.1,0.89,2.4,20.0,3,80.1,Moderate,True
2026-06-26T11:09:09,305,True,3,50,2.48,1.65,12.03,9.44,0.37,0.37,29.0,29.1,0.83,2.58,21.5,3,78.9,Moderate,True
2026-06-26T11:09:10,306,True,3,50,2.49,1.65,12.07,9.51,0.4,0.37,29.0,29.1,0.85,2.55,21.2,3,78.8,Moderate,True
2026-06-26T11:09:11,307,True,3,50,2.5,1.64,11.99,9.44,0.37,0.41,29.0,29.0,0.87,2.55,21.2,3,80.0,Moderate,True
2026-06-26T11:09:12,308,True,3,50,2.48,1.6,11.99,9.49,0.4,0.37,28.9,28.8,0.88,2.5,20.8,3,79.7,Moderate,True
2026-06-26T11:09:13,309,True,3,50,2.52,1.63,11.97,9.42,0.4,0.41,28.9,28.9,0.89,2.54,21.3,3,79.6,Moderate,True
2026-06-26T11:09:14,310,True,3,50,2.51,1.65,12.05,9.55,0.41,0.36,29.0,29.1,0.86,2.5,20.8,3,80.3,Moderate,True
2026-06-26T11:09:15,311,True,3,50,2.49,1.63,11.98,9.46,0.39,0.39,28.9,28.9,0.87,2.52,21.0,3,76.0,Moderate,True
2026-06-26T11:09:16,312,True,3,50,2.5,1.6,12.0,9.52,0.38,0.37,29.1,29.1,0.9,2.48,20.6,3,75.5,Moderate,True
2026-06-26T11:09:17,313,True,3,50,2.52,1.65,12.08,9.52,0.38,0.37,29.0,29.1,0.87,2.56,21.2,3,75.1,Moderate,True
2026-06-26T11:09:18,314,True,3,50,2.52,1.65,11.92,9.49,0.4,0.38,28.9,29.0,0.87,2.43,20.4,3,80.3,Moderate,True
2026-06-26T11:09:19,315,True,3,50,2.49,1.64,12.06,9.56,0.4,0.37,29.0,29.0,0.86,2.5,20.7,3,75.6,Moderate,True
2026-06-26T11:09:20,316,True,3,50,2.48,1.65,11.99,9.42,0.39,0.4,29.1,29.0,0.82,2.58,21.5,3,77.4,Moderate,True
2026-06-26T11:09:21,317,True,3,50,2.52,1.62,12.04,9.63,0.37,0.37,29.1,29.1,0.9,2.4,20.0,3,78.9,Moderate,True
2026-06-26T11:09:22,318,True,3,50,2.48,1.61,11.97,9.49,0.37,0.36,28.9,28.8,0.87,2.48,20.7,3,79.0,Moderate,True
2026-06-26T11:09:23,319,True,3,50,2.52,1.65,12.0,9.57,0.4,0.39,28.9,28.9,0.87,2.43,20.2,3,78.8,Moderate,True
2026-06-26T11:09:24,320,True,3,50,2.49,1.59,12.07,9.61,0.37,0.41,29.1,29.1,0.9,2.46,20.4,3,78.2,Moderate,True
2026-06-26T11:09:25,321,True,3,50,2.52,1.65,11.99,9.57,0.38,0.37,29.0,28.9,0.87,2.42,20.2,3,74.6,Moderate,True
2026-06-26T11:09:26,322,True,3,50,2.5,1.6,11.98,9.54,0.36,0.37,29.1,29.0,0.9,2.44,20.3,3,79.2,Moderate,True
2026-06-26T11:09:27,323,True,3,50,2.51,1.6,11.92,9.42,0.39,0.39,28.9,28.9,0.91,2.51,21.0,3,76.6,Moderate,True
2026-06-26T11:09:28,324,True,3,50,2.5,1.62,11.99,9.44,0.4,0.4,29.1,29.1,0.88,2.55,21.3,3,77.1,Moderate,True
2026-06-26T11:09:29,325,True,3,50,2.48,1.61,11.98,9.55,0.4,0.41,28.9,29.0,0.86,2.43,20.3,3,74.9,Moderate,True
2026-06-26T11:09:30,326,True,3,50,2.51,1.61,12.05,9.54,0.41,0.39,29.1,29.1,0.9,2.51,20.8,3,75.5,Moderate,True
2026-06-26T11:09:31,327,True,3,50,2.52,1.59,11.95,9.53,0.39,0.38,29.0,29.1,0.92,2.42,20.2,3,78.5,Moderate,True
2026-06-26T11:09:32,328,True,3,50,2.48,1.65,12.0,9.41,0.37,0.4,28.9,28.9,0.82,2.59,21.6,3,74.8,Moderate,True
2026-06-26T11:09:33,329,True,3,50,2.48,1.64,12.08,9.55,0.41,0.41,29.0,29.0,0.84,2.53,20.9,3,74.8,Moderate,True
2026-06-26T11:09:34,330,True,3,50,2.5,1.62,12.06,9.63,0.38,0.37,29.0,29.0,0.88,2.43,20.2,3,78.3,Moderate,True
2026-06-26T11:09:35,331,True,3,50,2.5,1.64,11.94,9.38,0.37,0.37,28.9,28.8,0.86,2.56,21.5,3,75.5,Moderate,True
2026-06-26T11:09:36,332,True,3,50,2.52,1.61,12.03,9.44,0.37,0.37,29.1,29.1,0.91,2.59,21.5,3,76.9,Moderate,True
2026-06-26T11:09:37,333,True,3,50,2.48,1.59,12.08,9.53,0.38,0.39,29.1,29.1,0.89,2.54,21.0,3,75.9,Moderate,True
2026-06-26T11:09:38,334,True,3,50,2.48,1.65,11.98,9.58,0.4,0.36,29.1,29.1,0.83,2.4,20.0,3,77.5,Moderate,True
2026-06-26T11:09:39,335,True,3,50,2.52,1.65,11.95,9.51,0.41,0.37,28.9,28.9,0.87,2.44,20.4,3,74.7,Moderate,True
2026-06-26T11:09:40,336,True,3,50,2.5,1.6,11.96,9.49,0.41,0.41,29.0,28.9,0.9,2.47,20.6,3,78.1,Moderate,True
2026-06-26T11:09:41,337,True,3,50,2.52,1.63,12.03,9.53,0.38,0.37,29.1,29.1,0.89,2.5,20.8,3,76.5,Moderate,True
2026-06-26T11:09:42,338,True,3,50,2.48,1.62,12.01,9.55,0.37,0.38,28.9,28.8,0.86,2.46,20.5,3,76.4,Moderate,True
2026-06-26T11:09:43,339,True,3,50,2.52,1.65,11.96,9.41,0.38,0.41,28.9,28.9,0.87,2.55,21.3,3,76.2,Moderate,True
2026-06-26T11:09:44,340,True,3,50,2.48,1.63,12.04,9.54,0.38,0.4,28.9,28.8,0.86,2.5,20.8,3,77.4,Moderate,True
2026-06-26T11:09:45,341,True,3,50,2.51,1.62,11.93,9.34,0.4,0.41,28.9,29.0,0.9,2.6,21.7,3,77.0,Moderate,True
2026-06-26T11:09:46,342,True,3,50,2.51,1.59,12.07,9.65,0.37,0.41,28.9,28.9,0.92,2.42,20.1,3,78.2,Moderate,True
2026-06-26T11:09:47,343,True,3,50,2.49,1.64,12.03,9.49,0.37,0.41,29.1,29.2,0.85,2.54,21.1,3,75.0,Moderate,True
2026-06-26T11:09:48,344,True,3,50,2.49,1.6,12.03,9.57,0.37,0.39,29.0,29.0,0.89,2.46,20.5,3,77.6,Moderate,True
2026-06-26T11:09:49,345,True,3,50,2.49,1.61,12.06,9.53,0.41,0.37,29.0,29.0,0.88,2.52,20.9,3,77.5,Moderate,True
2026-06-26T11:09:50,346,True,3,50,2.48,1.62,12.01,9.48,0.4,0.37,29.1,29.2,0.86,2.53,21.1,3,79.6,Moderate,True
2026-06-26T11:09:51,347,True,3,50,2.52,1.61,12.02,9.43,0.39,0.4,29.0,29.0,0.91,2.59,21.5,3,77.0,Moderate,True
2026-06-26T11:09:52,348,True,3,50,2.52,1.6,11.99,9.47,0.39,0.39,28.9,28.8,0.91,2.52,21.0,3,78.5,Moderate,True
2026-06-26T11:09:53,349,True,3,50,2.52,1.64,12.06,9.53,0.38,0.38,29.1,29.1,0.88,2.53,21.0,3,77.3,Moderate,True
2026-06-26T11:09:54,350,True,3,50,2.49,1.59,11.97,9.51,0.39,0.38,29.1,29.1,0.9,2.45,20.5,3,75.0,Moderate,True
2026-06-26T11:09:55,351,True,3,50,2.52,1.61,11.94,9.5,0.41,0.38,29.0,28.9,0.91,2.45,20.5,3,74.5,Moderate,True
2026-06-26T11:09:56,352,True,3,50,2.5,1.6,12.04,9.59,0.37,0.41,29.0,29.0,0.9,2.46,20.4,3,79.2,Moderate,True
2026-06-26T11:09:57,353,True,3,50,2.52,1.65,12.05,9.62,0.41,0.38,28.9,28.8,0.87,2.43,20.2,3,76.9,Moderate,True
2026-06-26T11:09:58,354,True,3,50,2.49,1.62,11.97,9.46,0.39,0.41,29.1,29.1,0.87,2.51,21.0,3,78.8,Moderate,True
2026-06-26T11:09:59,355,True,3,50,2.49,1.63,11.97,9.49,0.41,0.37,29.1,29.2,0.87,2.48,20.7,3,80.2,Moderate,True
2026-06-26T11:10:00,356,True,3,50,2.49,1.61,11.92,9.46,0.39,0.39,28.9,28.9,0.88,2.46,20.6,3,76.9,Moderate,True
2026-06-26T11:10:01,357,True,3,50,2.48,1.65,12.05,9.54,0.39,0.41,28.9,29.0,0.84,2.52,20.9,3,78.6,Moderate,True
2026-06-26T11:10:02,358,True,3,50,2.5,1.59,12.07,9.54,0.41,0.38,28.9,28.9,0.91,2.53,20.9,3,78.8,Moderate,True
2026-06-26T11:10:03,359,True,3,50,2.51,1.65,12.03,9.6,0.4,0.39,29.1,29.1,0.87,2.43,20.2,3,77.3,Moderate,True
2026-06-26T11:10:04,360,True,3,50,2.52,1.6,12.04,9.47,0.36,0.41,29.0,29.0,0.92,2.57,21.3,3,78.3,Moderate,True
2026-06-26T11:10:05,361,True,3,50,2.49,1.61,12.0,9.54,0.41,0.38,29.1,29.1,0.88,2.46,20.5,3,75.7,Moderate,True
2026-06-26T11:10:06,362,True,3,50,2.52,1.61,11.98,9.58,0.37,0.4,29.0,29.0,0.91,2.4,20.1,3,75.9,Moderate,True
2026-06-26T11:10:07,363,True,3,50,2.52,1.6,12.02,9.52,0.41,0.37,29.0,28.9,0.92,2.5,20.8,3,76.2,Moderate,True
2026-06-26T11:10:08,364,True,3,50,2.52,1.65,12.0,9.55,0.4,0.41,29.1,29.2,0.88,2.45,20.4,3,79.2,Moderate,True
2026-06-26T11:10:09,365,True,3,50,2.5,1.63,12.04,9.47,0.41,0.38,28.9,29.0,0.87,2.57,21.3,3,75.9,Moderate,True
2026-06-26T11:10:10,366,True,3,50,2.48,1.6,11.95,9.46,0.37,0.41,28.9,28.8,0.87,2.49,20.8,3,75.9,Moderate,True
2026-06-26T11:10:11,368,True,0,50,2.51,2.29,11.93,11.8,0.1,0.09,28.9,28.9,0.22,0.13,1.1,0,96.7,Normal,False
2026-06-26T11:10:12,369,True,0,50,2.49,2.3,12.02,11.85,0.1,0.08,29.0,29.0,0.18,0.17,1.4,0,98.0,Normal,False
2026-06-26T11:10:13,370,True,0,50,2.51,2.29,12.07,11.74,0.11,0.1,29.0,28.9,0.22,0.33,2.7,0,98.1,Normal,False
2026-06-26T11:10:45,3,True,0,50,2.48,2.31,12.06,11.74,0.09,0.1,29.0,29.0,0.17,0.32,2.6,0,97.1,Normal,False
2026-06-26T11:10:46,4,True,0,50,2.5,2.29,12.06,11.73,0.11,0.1,29.1,29.1,0.2,0.33,2.7,0,98.8,Normal,False
2026-06-26T11:10:47,5,True,0,50,2.52,2.29,12.07,11.85,0.09,0.1,29.1,29.1,0.23,0.22,1.9,0,98.1,Normal,False
2026-06-26T11:10:48,6,True,0,50,2.52,2.3,12.0,11.74,0.11,0.09,29.0,29.0,0.22,0.26,2.2,0,98.9,Normal,False
2026-06-26T11:10:49,7,True,0,50,2.49,2.3,12.07,11.8,0.11,0.1,28.9,28.9,0.19,0.27,2.2,0,98.2,Normal,False
2026-06-26T11:10:50,8,True,0,50,2.49,2.28,12.07,11.86,0.09,0.1,29.1,29.2,0.21,0.21,1.7,0,95.9,Normal,False
2026-06-26T11:10:51,9,True,0,50,2.48,2.31,11.92,11.77,0.09,0.09,29.0,28.9,0.17,0.15,1.3,0,96.3,Normal,False
2026-06-26T11:10:52,10,True,0,50,2.49,2.29,12.06,11.84,0.09,0.1,29.1,29.1,0.2,0.22,1.8,0,97.4,Normal,False
2026-06-26T11:10:53,11,True,0,50,2.48,2.29,11.99,11.73,0.09,0.09,29.0,29.1,0.19,0.26,2.1,0,96.9,Normal,False
2026-06-26T11:10:54,12,True,0,50,2.5,2.32,12.07,11.79,0.11,0.09,29.0,29.0,0.19,0.28,2.3,0,96.4,Normal,False
2026-06-26T11:10:55,13,True,0,50,2.49,2.28,12.06,11.81,0.09,0.1,29.1,29.2,0.21,0.25,2.1,0,98.5,Normal,False
2026-06-26T11:10:56,14,True,0,50,2.5,2.29,11.92,11.86,0.11,0.08,29.1,29.1,0.2,0.06,0.5,0,96.6,Normal,False
2026-06-26T11:10:57,15,True,0,50,2.48,2.3,12.0,11.8,0.11,0.1,28.9,28.9,0.19,0.2,1.7,0,95.8,Normal,False
2026-06-26T11:10:58,16,True,0,50,2.51,2.31,12.01,11.8,0.11,0.1,28.9,28.9,0.2,0.21,1.8,0,98.3,Normal,False
2026-06-26T11:10:59,17,True,0,50,2.52,2.29,11.98,11.76,0.09,0.09,29.0,29.0,0.22,0.23,1.9,0,94.9,Normal,False
2026-06-26T11:11:00,18,True,0,50,2.49,2.28,12.01,11.76,0.1,0.1,29.1,29.0,0.22,0.25,2.1,0,97.3,Normal,False
2026-06-26T11:11:01,19,True,0,50,2.49,2.3,12.06,11.74,0.11,0.08,28.9,28.8,0.19,0.32,2.7,0,95.4,Normal,False
2026-06-26T11:11:02,21,True,5,50,2.51,1.56,11.94,9.34,0.28,0.62,28.9,28.8,0.95,2.59,21.7,5,77.4,Moderate,True
2026-06-26T11:11:03,22,True,5,50,2.52,1.59,12.0,9.51,0.28,0.63,29.1,29.2,0.93,2.5,20.8,5,76.7,Moderate,True
2026-06-26T11:11:04,23,True,5,50,2.5,1.57,12.04,9.45,0.27,0.6,29.0,29.0,0.93,2.6,21.6,5,79.5,Moderate,True
2026-06-26T11:11:05,24,True,5,50,2.48,1.59,11.96,9.44,0.28,0.59,28.9,28.9,0.89,2.52,21.1,5,78.5,Moderate,True
2026-06-26T11:11:06,25,True,5,50,2.49,1.57,11.98,9.4,0.32,0.62,29.1,29.0,0.91,2.58,21.5,5,77.7,Moderate,True
2026-06-26T11:11:07,26,True,5,50,2.48,1.56,12.05,9.54,0.3,0.6,28.9,29.0,0.92,2.51,20.8,5,76.9,Moderate,True
2026-06-26T11:11:08,27,True,5,50,2.49,1.58,12.0,9.41,0.29,0.6,29.1,29.0,0.91,2.59,21.6,5,78.0,Moderate,True
2026-06-26T11:11:09,28,True,5,50,2.5,1.58,11.99,9.56,0.32,0.59,28.9,29.0,0.92,2.43,20.2,5,76.8,Moderate,True
2026-06-26T11:11:10,29,True,5,50,2.5,1.57,12.02,9.46,0.32,0.61,29.1,29.1,0.93,2.55,21.2,5,78.2,Moderate,True
2026-06-26T11:11:11,30,True,5,50,2.52,1.54,11.96,9.51,0.32,0.62,28.9,29.0,0.98,2.45,20.5,5,76.7,Moderate,True
2026-06-26T11:11:12,31,True,5,50,2.51,1.57,11.97,9.5,0.3,0.6,28.9,28.9,0.94,2.46,20.6,5,75.1,Moderate,True
2026-06-26T11:11:13,32,True,5,50,2.52,1.54,11.96,9.53,0.3,0.62,29.1,29.2,0.97,2.43,20.3,5,75.8,Moderate,True
2026-06-26T11:11:14,33,True,5,50,2.51,1.6,11.94,9.36,0.32,0.62,28.9,28.9,0.9,2.58,21.6,5,79.6,Moderate,True
2026-06-26T11:11:15,34,True,5,50,2.51,1.57,12.04,9.47,0.28,0.59,29.1,29.1,0.93,2.57,21.3,5,74.9,Moderate,True
2026-06-26T11:11:16,35,True,5,50,2.52,1.6,12.01,9.51,0.28,0.6,29.1,29.1,0.92,2.49,20.8,5,74.6,Moderate,True
2026-06-26T11:11:17,36,True,5,50,2.5,1.6,12.04,9.5,0.32,0.61,29.1,29.0,0.9,2.54,21.1,5,74.9,Moderate,True
2026-06-26T11:11:18,37,True,5,50,2.52,1.59,12.04,9.45,0.32,0.63,29.0,28.9,0.93,2.58,21.5,5,77.5,Moderate,True
2026-06-26T11:11:19,39,True,4,50,2.49,1.62,11.99,9.42,0.32,0.48,29.0,29.0,0.87,2.57,21.4,4,75.2,Moderate,True
2026-06-26T11:11:20,40,True,4,50,2.5,1.63,11.95,9.55,0.34,0.49,29.0,28.9,0.87,2.4,20.1,4,76.6,Moderate,True
2026-06-26T11:11:21,41,True,4,50,2.49,1.59,11.97,9.45,0.34,0.48,29.1,29.2,0.91,2.52,21.0,4,80.2,Moderate,True
2026-06-26T11:11:22,42,True,4,50,2.52,1.63,12.0,9.49,0.33,0.48,29.1,29.2,0.89,2.51,20.9,4,78.8,Moderate,True
2026-06-26T11:11:23,43,True,4,50,2.52,1.63,12.06,9.49,0.35,0.48,29.0,29.0,0.88,2.57,21.3,4,79.0,Moderate,True
2026-06-26T11:11:24,44,True,4,50,2.51,1.63,11.92,9.51,0.35,0.49,28.9,28.8,0.87,2.41,20.3,4,74.8,Moderate,True
2026-06-26T11:11:25,46,False,4,50,0.0,0.0,0.0,0.0,0.02,0.02,29.0,29.0,0.0,0.0,0.0,0,99.0,Pump OFF,False
2026-06-26T11:11:26,47,False,4,50,0.0,0.0,0.0,0.0,0.02,0.02,29.0,29.0,0.0,0.0,0.0,0,99.0,Pump OFF,False
2026-06-26T11:11:27,48,False,4,50,0.0,0.0,0.0,0.0,0.02,0.02,29.0,29.0,0.0,0.0,0.0,0,99.0,Pump OFF,False
2026-06-26T11:11:28,49,False,4,50,0.0,0.0,0.0,0.0,0.02,0.02,29.0,29.0,0.0,0.0,0.0,0,99.0,Pump OFF,False
2026-06-26T11:11:29,50,False,4,50,0.0,0.0,0.0,0.0,0.02,0.02,29.0,29.0,0.0,0.0,0.0,0,99.0,Pump OFF,False
2026-06-26T11:11:30,51,False,4,50,0.0,0.0,0.0,0.0,0.02,0.02,29.0,29.0,0.0,0.0,0.0,0,99.0,Pump OFF,False
2026-06-26T11:11:31,53,True,4,50,2.51,1.59,11.96,9.37,0.32,0.48,28.9,28.8,0.92,2.58,21.6,4,77.6,Moderate,True
2026-06-26T11:11:32,54,True,4,50,2.49,1.58,11.95,9.41,0.34,0.48,29.0,29.1,0.92,2.54,21.3,4,75.2,Moderate,True
2026-06-26T11:11:33,55,True,4,50,2.51,1.58,12.0,9.53,0.36,0.47,29.0,28.9,0.93,2.47,20.6,4,76.7,Moderate,True
2026-06-26T11:11:34,56,True,4,50,2.48,1.61,12.04,9.49,0.34,0.48,29.0,29.0,0.88,2.55,21.2,4,79.7,Moderate,True
2026-06-26T11:11:35,57,True,4,50,2.51,1.63,11.97,9.4,0.33,0.45,29.1,29.2,0.88,2.57,21.5,4,77.5,Moderate,True
2026-06-26T11:11:36,58,True,4,50,2.48,1.63,12.06,9.5,0.33,0.48,29.1,29.2,0.84,2.56,21.2,4,76.7,Moderate,True
2026-06-26T11:11:37,59,True,4,50,2.52,1.58,12.07,9.58,0.36,0.49,29.0,29.1,0.94,2.49,20.6,4,78.6,Moderate,True
2026-06-26T11:11:38,60,True,4,50,2.5,1.62,12.05,9.61,0.34,0.49,29.0,29.0,0.88,2.44,20.2,4,76.2,Moderate,True
2026-06-26T11:11:39,61,True,4,50,2.49,1.62,12.08,9.61,0.35,0.47,29.0,29.1,0.87,2.46,20.4,4,74.7,Moderate,True
2026-06-26T11:11:40,62,True,4,50,2.5,1.61,12.02,9.51,0.35,0.45,29.1,29.0,0.88,2.51,20.9,4,78.8,Moderate,True
2026-06-26T11:11:41,63,True,4,50,2.49,1.59,11.96,9.55,0.36,0.48,29.1,29.0,0.9,2.42,20.2,4,80.2,Moderate,True
2026-06-26T11:11:42,64,True,4,50,2.52,1.57,11.93,9.44,0.35,0.49,29.0,29.0,0.95,2.5,20.9,4,76.7,Moderate,True
2026-06-26T11:11:43,65,True,4,50,2.51,1.61,12.05,9.61,0.31,0.47,29.1,29.0,0.9,2.44,20.2,4,75.0,Moderate,True
2026-06-26T11:11:44,67,True,0,50,2.48,2.32,12.06,11.87,0.09,0.08,29.1,29.1,0.16,0.19,1.6,0,97.3,Normal,False
2026-06-26T11:11:45,68,True,0,50,2.52,2.3,11.94,11.82,0.09,0.08,29.1,29.1,0.21,0.12,1.0,0,96.3,Normal,False
2026-06-26T11:11:46,69,True,0,50,2.49,2.32,11.96,11.73,0.1,0.08,29.0,29.0,0.17,0.23,1.9,0,96.2,Normal,False
2026-06-26T11:11:47,70,True,0,50,2.49,2.31,11.94,11.77,0.11,0.1,29.0,29.1,0.18,0.16,1.4,0,97.8,Normal,False
2026-06-26T11:11:48,71,True,0,50,2.51,2.3,12.07,11.8,0.1,0.08,29.1,29.1,0.2,0.27,2.3,0,98.3,Normal,False
2026-06-26T11:11:49,72,True,0,50,2.48,2.3,12.07,11.77,0.09,0.1,29.1,29.1,0.18,0.3,2.5,0,96.8,Normal,False
2026-06-26T11:11:50,73,True,0,50,2.48,2.29,12.04,11.8,0.1,0.09,29.1,29.1,0.19,0.24,2.0,0,97.6,Normal,False
2026-06-26T11:11:51,74,True,0,50,2.51,2.3,11.94,11.78,0.09,0.08,28.9,28.8,0.2,0.16,1.3,0,95.3,Normal,False
2026-06-26T11:11:52,75,True,0,50,2.49,2.3,12.04,11.74,0.09,0.1,29.1,29.0,0.19,0.3,2.5,0,96.6,Normal,False
2026-06-26T11:11:53,76,True,0,50,2.51,2.29,11.98,11.86,0.1,0.08,29.1,29.1,0.22,0.12,1.0,0,95.7,Normal,False
2026-06-26T11:11:54,77,True,0,50,2.49,2.31,12.08,11.75,0.1,0.08,29.1,29.1,0.18,0.33,2.7,0,96.7,Normal,False
2026-06-26T11:11:55,78,True,0,50,2.52,2.28,12.04,11.77,0.11,0.09,29.1,29.1,0.24,0.27,2.3,0,97.4,Normal,False
2026-06-26T11:11:56,79,True,0,50,2.52,2.31,12.07,11.86,0.11,0.09,29.0,29.0,0.21,0.21,1.8,0,95.3,Normal,False
2026-06-26T11:11:57,80,True,0,50,2.48,2.32,11.94,11.84,0.09,0.1,29.1,29.1,0.16,0.11,0.9,0,98.6,Normal,False
2026-06-26T11:11:58,81,True,0,50,2.49,2.28,11.92,11.77,0.11,0.09,29.0,29.1,0.21,0.15,1.3,0,98.7,Normal,False
2026-06-26T11:11:59,82,True,0,50,2.48,2.3,11.99,11.75,0.09,0.09,28.9,28.8,0.17,0.24,2.0,0,96.0,Normal,False
2026-06-26T11:12:00,83,True,0,50,2.52,2.3,11.95,11.76,0.11,0.1,29.1,29.1,0.22,0.19,1.6,0,95.9,Normal,False
2026-06-26T11:12:01,84,True,0,50,2.5,2.28,11.97,11.79,0.09,0.1,29.1,29.1,0.22,0.17,1.4,0,96.8,Normal,False
2026-06-26T11:12:02,85,True,0,50,2.5,2.28,12.02,11.85,0.09,0.09,29.1,29.2,0.23,0.18,1.5,0,97.8,Normal,False
2026-06-26T11:12:03,86,True,0,50,2.5,2.3,12.01,11.82,0.09,0.09,28.9,29.0,0.2,0.19,1.6,0,95.1,Normal,False
2026-06-26T11:12:04,87,True,0,50,2.5,2.29,12.0,11.85,0.11,0.1,29.0,28.9,0.21,0.15,1.3,0,95.4,Normal,False
2026-06-26T11:12:05,88,True,0,50,2.52,2.31,12.04,11.85,0.1,0.1,28.9,28.9,0.21,0.18,1.5,0,98.4,Normal,False
2026-06-26T11:12:06,89,True,0,50,2.5,2.29,12.07,11.72,0.09,0.08,29.0,29.0,0.22,0.35,2.9,0,95.0,Normal,False
2026-06-26T11:12:07,90,True,0,50,2.48,2.3,12.0,11.81,0.11,0.08,29.0,29.1,0.17,0.18,1.5,0,98.5,Normal,False
2026-06-26T11:12:08,91,True,0,50,2.5,2.29,11.93,11.77,0.09,0.08,29.0,29.1,0.21,0.16,1.3,0,94.6,Normal,False
2026-06-26T11:12:09,92,True,0,50,2.49,2.32,12.07,11.77,0.1,0.09,28.9,28.9,0.17,0.3,2.5,0,98.5,Normal,False
2026-06-26T11:12:10,93,True,0,50,2.52,2.3,12.0,11.8,0.11,0.08,29.0,29.0,0.22,0.19,1.6,0,98.9,Normal,False
2026-06-26T11:12:11,94,True,0,50,2.52,2.32,12.03,11.79,0.09,0.08,29.1,29.1,0.2,0.24,2.0,0,98.6,Normal,False
2026-06-26T11:12:12,95,True,0,50,2.52,2.29,12.07,11.78,0.11,0.08,28.9,28.9,0.23,0.29,2.4,0,97.3,Normal,False
2026-06-26T11:12:13,96,True,0,50,2.5,2.32,11.94,11.87,0.1,0.08,29.0,28.9,0.18,0.07,0.6,0,96.8,Normal,False
2026-06-26T11:12:14,97,True,0,50,2.51,2.3,12.0,11.79,0.11,0.1,29.1,29.2,0.21,0.21,1.8,0,95.7,Normal,False
2026-06-26T11:12:15,98,True,0,50,2.49,2.3,11.93,11.81,0.11,0.08,28.9,28.9,0.19,0.12,1.0,0,94.3,Normal,False
2026-06-26T11:12:16,99,True,0,50,2.48,2.29,12.01,11.78,0.1,0.1,28.9,28.8,0.19,0.23,1.9,0,98.1,Normal,False
2026-06-26T11:12:17,100,True,0,50,2.49,2.29,12.0,11.81,0.09,0.1,28.9,29.0,0.2,0.19,1.6,0,94.8,Normal,False
2026-06-26T11:12:18,101,True,0,50,2.49,2.29,12.06,11.79,0.11,0.09,29.1,29.0,0.19,0.27,2.2,0,98.4,Normal,False
2026-06-26T11:12:19,102,True,0,50,2.5,2.28,12.03,11.79,0.1,0.1,28.9,28.9,0.22,0.24,2.0,0,98.0,Normal,False
2026-06-26T11:12:20,103,True,0,50,2.5,2.31,12.08,11.74,0.09,0.08,29.1,29.1,0.2,0.34,2.8,0,95.6,Normal,False
2026-06-26T11:12:21,104,True,0,50,2.51,2.3,12.02,11.88,0.11,0.1,28.9,28.8,0.21,0.14,1.2,0,97.1,Normal,False
2026-06-26T11:12:22,105,True,0,50,2.49,2.31,11.97,11.73,0.1,0.1,29.1,29.1,0.18,0.24,2.0,0,95.7,Normal,False
2026-06-26T11:12:24,106,True,0,50,2.52,2.31,12.07,11.87,0.1,0.09,28.9,28.9,0.21,0.21,1.7,0,97.2,Normal,False
2026-06-26T11:12:25,107,True,0,50,2.48,2.28,12.08,11.74,0.09,0.09,28.9,28.9,0.2,0.34,2.8,0,95.5,Normal,False
2026-06-26T11:12:26,108,True,0,50,2.52,2.28,11.98,11.79,0.11,0.1,29.0,28.9,0.24,0.19,1.6,0,94.5,Normal,False
2026-06-26T11:12:27,109,True,0,50,2.5,2.32,12.04,11.86,0.1,0.1,29.1,29.0,0.18,0.18,1.5,0,96.2,Normal,False
2026-06-26T11:12:28,110,True,0,50,2.48,2.31,11.93,11.83,0.11,0.08,29.1,29.0,0.18,0.1,0.8,0,95.7,Normal,False
2026-06-26T11:12:29,111,True,0,50,2.51,2.32,12.02,11.86,0.11,0.08,29.1,29.1,0.2,0.16,1.3,0,96.7,Normal,False
2026-06-26T11:12:30,112,True,0,50,2.5,2.31,12.07,11.77,0.1,0.08,29.1,29.2,0.19,0.3,2.5,0,98.4,Normal,False
2026-06-26T11:12:31,113,True,0,50,2.48,2.3,11.94,11.87,0.11,0.1,29.1,29.1,0.18,0.07,0.6,0,98.1,Normal,False
2026-06-26T11:12:32,114,True,0,50,2.48,2.29,12.07,11.83,0.1,0.1,28.9,29.0,0.19,0.23,1.9,0,98.5,Normal,False
2026-06-26T11:12:33,115,True,0,50,2.51,2.29,12.07,11.83,0.1,0.09,29.0,28.9,0.22,0.23,1.9,0,98.1,Normal,False
2026-06-26T11:12:34,116,True,0,50,2.5,2.29,12.07,11.76,0.09,0.08,28.9,28.9,0.21,0.31,2.5,0,97.3,Normal,False
2026-06-26T11:12:35,117,True,0,50,2.48,2.32,11.99,11.87,0.1,0.1,28.9,28.9,0.16,0.12,1.0,0,96.6,Normal,False
2026-06-26T11:12:36,118,True,0,50,2.51,2.3,12.04,11.82,0.09,0.08,28.9,28.9,0.21,0.22,1.8,0,94.1,Normal,False
2026-06-26T11:12:37,119,True,0,50,2.52,2.29,11.92,11.87,0.09,0.1,28.9,29.0,0.22,0.05,0.4,0,95.6,Normal,False
2026-06-26T11:12:38,120,True,0,50,2.51,2.3,12.02,11.82,0.1,0.09,29.1,29.0,0.21,0.2,1.7,0,96.3,Normal,False
2026-06-26T11:12:39,121,True,0,50,2.49,2.32,11.96,11.8,0.09,0.1,29.0,29.1,0.17,0.15,1.3,0,97.9,Normal,False
2026-06-26T11:12:40,122,True,0,50,2.48,2.3,11.95,11.76,0.1,0.09,29.1,29.1,0.17,0.18,1.5,0,98.3,Normal,False
2026-06-26T11:12:41,123,True,0,50,2.52,2.32,11.99,11.86,0.11,0.09,29.0,28.9,0.2,0.12,1.0,0,94.2,Normal,False
2026-06-26T11:12:42,124,True,0,50,2.51,2.32,11.98,11.81,0.09,0.08,29.1,29.0,0.18,0.16,1.4,0,96.3,Normal,False
2026-06-26T11:12:43,125,True,0,50,2.49,2.3,11.96,11.76,0.09,0.08,28.9,28.9,0.19,0.21,1.7,0,96.0,Normal,False
2026-06-26T11:12:44,126,True,0,50,2.52,2.32,11.96,11.87,0.1,0.09,29.1,29.2,0.21,0.09,0.7,0,95.7,Normal,False
2026-06-26T11:12:45,127,True,0,50,2.5,2.3,11.95,11.81,0.09,0.1,29.1,29.1,0.2,0.14,1.2,0,95.0,Normal,False
2026-06-26T11:12:46,128,True,0,50,2.48,2.29,12.04,11.79,0.09,0.1,28.9,28.9,0.2,0.25,2.1,0,95.5,Normal,False
2026-06-26T11:12:47,129,True,0,50,2.49,2.31,11.94,11.86,0.09,0.09,28.9,29.0,0.18,0.09,0.7,0,95.6,Normal,False
2026-06-26T11:12:48,130,True,0,50,2.5,2.29,11.94,11.84,0.1,0.08,29.1,29.1,0.21,0.1,0.8,0,97.5,Normal,False
2026-06-26T11:12:49,131,True,0,50,2.51,2.31,12.06,11.87,0.09,0.08,28.9,28.9,0.2,0.19,1.6,0,95.2,Normal,False
2026-06-26T11:12:50,132,True,0,50,2.48,2.28,11.98,11.77,0.11,0.1,29.1,29.1,0.2,0.21,1.7,0,94.3,Normal,False
2026-06-26T11:12:51,133,True,0,50,2.52,2.29,11.97,11.74,0.1,0.1,29.1,29.0,0.23,0.24,2.0,0,95.4,Normal,False
2026-06-26T11:12:52,134,True,0,50,2.52,2.29,11.96,11.85,0.1,0.09,29.0,28.9,0.23,0.12,1.0,0,97.9,Normal,False
2026-06-26T11:12:53,135,True,0,50,2.48,2.29,12.03,11.77,0.11,0.1,29.0,28.9,0.19,0.26,2.2,0,97.6,Normal,False
2026-06-26T11:12:54,136,True,0,50,2.48,2.31,12.02,11.78,0.11,0.08,29.0,29.0,0.17,0.23,2.0,0,96.1,Normal,False
2026-06-26T11:12:55,137,True,0,50,2.49,2.3,12.06,11.82,0.09,0.1,29.0,29.1,0.19,0.24,2.0,0,94.5,Normal,False
2026-06-26T11:12:56,138,True,0,50,2.48,2.32,11.95,11.84,0.1,0.08,29.1,29.1,0.15,0.11,0.9,0,95.4,Normal,False
2026-06-26T11:12:57,139,True,0,50,2.51,2.32,11.93,11.83,0.1,0.1,28.9,29.0,0.18,0.11,0.9,0,97.0,Normal,False
2026-06-26T11:12:58,140,True,0,50,2.48,2.31,11.94,11.77,0.11,0.08,29.0,29.0,0.17,0.17,1.4,0,98.1,Normal,False
2026-06-26T11:12:59,141,True,0,50,2.5,2.3,11.99,11.79,0.1,0.09,28.9,28.9,0.2,0.2,1.7,0,96.7,Normal,False
2026-06-26T11:13:00,142,True,0,50,2.5,2.3,12.0,11.75,0.09,0.1,29.0,29.1,0.19,0.24,2.0,0,95.9,Normal,False
2026-06-26T11:13:01,143,True,0,50,2.51,2.31,12.02,11.88,0.1,0.1,28.9,28.9,0.2,0.15,1.2,0,98.2,Normal,False
2026-06-26T11:13:02,144,True,0,50,2.51,2.31,12.04,11.73,0.11,0.1,28.9,28.9,0.21,0.31,2.6,0,97.0,Normal,False
2026-06-26T11:13:03,145,True,0,50,2.48,2.3,12.04,11.8,0.1,0.08,29.0,28.9,0.19,0.23,1.9,0,98.0,Normal,False
2026-06-26T11:13:04,146,True,0,50,2.52,2.3,11.97,11.8,0.11,0.09,29.0,29.0,0.21,0.18,1.5,0,96.0,Normal,False
2026-06-26T11:13:05,147,True,0,50,2.52,2.32,11.98,11.79,0.09,0.1,29.1,29.2,0.2,0.19,1.6,0,98.9,Normal,False
2026-06-26T11:13:06,148,True,0,50,2.49,2.29,11.93,11.77,0.11,0.1,29.0,28.9,0.2,0.16,1.4,0,94.6,Normal,False
2026-06-26T11:13:07,149,True,0,50,2.5,2.28,12.02,11.74,0.1,0.08,29.0,29.1,0.22,0.28,2.3,0,97.5,Normal,False
2026-06-26T11:13:08,150,True,0,50,2.51,2.32,11.93,11.78,0.11,0.1,29.0,29.1,0.18,0.15,1.3,0,97.7,Normal,False
2026-06-26T11:13:09,151,True,0,50,2.48,2.32,12.0,11.8,0.1,0.08,29.1,29.2,0.16,0.2,1.6,0,97.8,Normal,False
2026-06-26T11:13:10,152,True,0,50,2.49,2.32,11.96,11.81,0.09,0.08,29.1,29.1,0.17,0.15,1.3,0,97.6,Normal,False
2026-06-26T11:13:11,153,True,0,50,2.52,2.32,11.93,11.86,0.09,0.08,29.0,28.9,0.19,0.07,0.6,0,96.8,Normal,False
2026-06-26T11:13:12,154,True,0,50,2.48,2.32,12.05,11.75,0.11,0.08,29.1,29.1,0.17,0.3,2.5,0,95.3,Normal,False
2026-06-26T11:13:13,155,True,0,50,2.51,2.3,12.08,11.72,0.11,0.09,28.9,29.0,0.2,0.36,3.0,0,97.1,Normal,False
2026-06-26T11:13:14,156,True,0,50,2.49,2.32,11.98,11.72,0.1,0.1,29.0,28.9,0.17,0.26,2.2,0,94.6,Normal,False
2026-06-26T11:13:15,157,True,0,50,2.5,2.3,12.01,11.77,0.1,0.09,29.1,29.1,0.2,0.24,2.0,0,96.8,Normal,False
2026-06-26T11:13:16,158,True,0,50,2.51,2.3,12.01,11.74,0.09,0.09,28.9,28.9,0.21,0.27,2.2,0,96.2,Normal,False
2026-06-26T11:13:17,159,True,0,50,2.5,2.3,12.05,11.86,0.11,0.09,28.9,28.9,0.2,0.19,1.6,0,95.6,Normal,False
2026-06-26T11:13:18,160,True,0,50,2.48,2.3,11.99,11.78,0.09,0.09,28.9,28.8,0.17,0.21,1.7,0,94.0,Normal,False
2026-06-26T11:13:19,161,True,0,50,2.51,2.31,11.94,11.79,0.11,0.09,29.1,29.2,0.2,0.15,1.2,0,94.7,Normal,False
2026-06-26T11:13:20,162,True,0,50,2.48,2.3,11.93,11.8,0.09,0.09,28.9,28.8,0.18,0.13,1.1,0,98.2,Normal,False
2026-06-26T11:13:21,163,True,0,50,2.5,2.3,11.97,11.72,0.09,0.08,29.1,29.2,0.2,0.25,2.1,0,96.0,Normal,False
2026-06-26T11:13:22,164,True,0,50,2.52,2.32,11.94,11.78,0.1,0.09,29.0,29.0,0.2,0.16,1.3,0,95.1,Normal,False
2026-06-26T11:13:23,165,True,0,50,2.51,2.31,11.99,11.79,0.11,0.1,29.0,28.9,0.2,0.2,1.7,0,94.8,Normal,False
2026-06-26T11:13:24,166,True,0,50,2.51,2.28,12.0,11.8,0.09,0.1,29.0,29.0,0.23,0.2,1.6,0,98.5,Normal,False
2026-06-26T11:13:25,167,True,0,50,2.51,2.3,11.93,11.83,0.09,0.08,29.0,29.0,0.21,0.1,0.9,0,97.0,Normal,False
2026-06-26T11:13:26,168,True,0,50,2.5,2.3,11.96,11.79,0.1,0.09,28.9,28.9,0.2,0.16,1.4,0,97.9,Normal,False
2026-06-26T11:13:27,169,True,0,50,2.49,2.3,11.99,11.79,0.1,0.08,29.1,29.0,0.19,0.2,1.7,0,98.6,Normal,False
2026-06-26T11:13:28,170,True,0,50,2.51,2.31,12.04,11.74,0.11,0.08,29.1,29.1,0.21,0.3,2.5,0,97.9,Normal,False
2026-06-26T11:13:29,171,True,0,50,2.49,2.32,12.02,11.79,0.11,0.1,29.1,29.2,0.17,0.23,1.9,0,98.7,Normal,False
2026-06-26T11:13:30,172,True,0,50,2.5,2.28,11.97,11.76,0.11,0.1,29.1,29.2,0.22,0.21,1.8,0,95.6,Normal,False
2026-06-26T11:13:31,173,True,0,50,2.49,2.29,12.01,11.76,0.11,0.09,29.1,29.2,0.2,0.25,2.1,0,97.3,Normal,False
2026-06-26T11:13:32,174,True,0,50,2.49,2.31,11.96,11.84,0.1,0.1,29.0,29.0,0.18,0.11,0.9,0,95.5,Normal,False
2026-06-26T11:13:33,175,True,0,50,2.48,2.3,11.98,11.86,0.09,0.1,29.0,29.1,0.18,0.12,1.0,0,97.3,Normal,False
2026-06-26T11:13:34,176,True,0,50,2.5,2.29,11.96,11.78,0.1,0.1,29.1,29.1,0.21,0.18,1.5,0,95.7,Normal,False
2026-06-26T11:13:35,177,True,0,50,2.5,2.31,11.93,11.88,0.11,0.08,29.1,29.2,0.19,0.05,0.4,0,98.1,Normal,False
2026-06-26T11:13:36,178,True,0,50,2.5,2.32,12.05,11.79,0.1,0.08,29.1,29.2,0.18,0.26,2.2,0,97.8,Normal,False
2026-06-26T11:13:37,179,True,0,50,2.52,2.31,12.04,11.75,0.09,0.08,29.0,29.1,0.21,0.29,2.4,0,98.8,Normal,False
2026-06-26T11:13:38,180,True,0,50,2.52,2.29,12.02,11.77,0.11,0.08,29.1,29.1,0.23,0.25,2.1,0,96.1,Normal,False
2026-06-26T11:13:39,181,True,0,50,2.5,2.31,12.03,11.83,0.11,0.09,29.1,29.1,0.2,0.2,1.7,0,94.1,Normal,False
2026-06-26T11:13:40,182,True,0,50,2.49,2.28,12.07,11.77,0.09,0.08,28.9,28.9,0.2,0.3,2.5,0,96.4,Normal,False
2026-06-26T11:13:41,183,True,0,50,2.48,2.29,11.95,11.74,0.11,0.1,29.0,29.0,0.19,0.21,1.8,0,95.3,Normal,False
2026-06-26T11:13:42,184,True,0,50,2.52,2.32,11.92,11.78,0.1,0.08,29.0,28.9,0.2,0.14,1.2,0,95.3,Normal,False
2026-06-26T11:13:43,185,True,0,50,2.5,2.32,12.08,11.87,0.1,0.1,29.0,29.0,0.18,0.21,1.8,0,95.9,Normal,False
2026-06-26T11:13:44,186,True,0,50,2.5,2.28,11.92,11.8,0.1,0.1,29.0,29.0,0.23,0.13,1.1,0,98.9,Normal,False
2026-06-26T11:13:45,187,True,0,50,2.49,2.29,11.92,11.85,0.1,0.09,28.9,28.8,0.19,0.07,0.6,0,96.1,Normal,False
2026-06-26T11:13:46,188,True,0,50,2.48,2.32,12.03,11.87,0.11,0.09,28.9,29.0,0.16,0.16,1.3,0,94.7,Normal,False
2026-06-26T11:13:47,189,True,0,50,2.52,2.28,11.98,11.75,0.1,0.1,28.9,28.9,0.24,0.23,1.9,0,94.2,Normal,False
2026-06-26T11:13:48,190,True,0,50,2.52,2.3,12.04,11.87,0.09,0.09,29.1,29.0,0.21,0.17,1.4,0,98.7,Normal,False
2026-06-26T11:13:49,191,True,0,50,2.49,2.29,12.01,11.75,0.1,0.08,29.1,29.1,0.2,0.26,2.2,0,97.0,Normal,False
2026-06-26T11:13:50,192,True,0,50,2.49,2.3,12.04,11.78,0.09,0.1,28.9,28.9,0.19,0.26,2.2,0,97.4,Normal,False
2026-06-26T11:13:51,193,True,0,50,2.48,2.29,12.01,11.77,0.1,0.09,29.1,29.0,0.19,0.24,2.0,0,94.9,Normal,False
2026-06-26T11:13:52,194,True,0,50,2.52,2.28,11.98,11.73,0.11,0.1,29.1,29.2,0.24,0.24,2.0,0,96.3,Normal,False
2026-06-26T11:13:53,195,True,0,50,2.49,2.32,12.02,11.83,0.09,0.08,29.0,28.9,0.17,0.19,1.6,0,98.7,Normal,False
2026-06-26T11:13:54,196,True,0,50,2.51,2.3,11.98,11.78,0.09,0.08,29.1,29.1,0.22,0.2,1.7,0,94.8,Normal,False
2026-06-26T11:13:55,197,True,0,50,2.48,2.28,11.97,11.8,0.11,0.1,28.9,29.0,0.2,0.17,1.4,0,95.1,Normal,False
2026-06-26T11:13:56,198,True,0,50,2.52,2.32,12.03,11.78,0.09,0.09,29.1,29.1,0.2,0.25,2.1,0,98.1,Normal,False
2026-06-26T11:13:57,199,True,0,50,2.5,2.29,12.06,11.85,0.09,0.1,28.9,28.9,0.21,0.2,1.7,0,94.5,Normal,False
2026-06-26T11:13:58,200,True,0,50,2.49,2.3,12.03,11.72,0.1,0.1,29.0,29.0,0.19,0.3,2.5,0,94.6,Normal,False
2026-06-26T11:13:59,201,True,0,50,2.51,2.28,12.05,11.78,0.09,0.09,28.9,28.9,0.22,0.28,2.3,0,97.8,Normal,False
2026-06-26T11:14:00,202,True,0,50,2.49,2.3,11.95,11.75,0.1,0.08,28.9,29.0,0.19,0.2,1.7,0,98.4,Normal,False
2026-06-26T11:14:01,203,True,0,50,2.48,2.3,11.99,11.84,0.09,0.08,29.1,29.0,0.18,0.15,1.2,0,95.9,Normal,False
2026-06-26T11:14:02,204,True,0,50,2.51,2.3,11.96,11.81,0.11,0.1,28.9,28.8,0.22,0.15,1.3,0,98.7,Normal,False
2026-06-26T11:14:03,205,True,0,50,2.52,2.31,11.99,11.83,0.1,0.1,28.9,29.0,0.22,0.17,1.4,0,96.9,Normal,False
2026-06-26T11:14:04,206,True,0,50,2.51,2.31,11.92,11.83,0.11,0.08,29.1,29.0,0.2,0.09,0.8,0,94.4,Normal,False
2026-06-26T11:14:05,207,True,0,50,2.5,2.32,12.0,11.81,0.11,0.1,29.0,29.1,0.19,0.19,1.6,0,96.4,Normal,False
2026-06-26T11:14:06,208,True,0,50,2.48,2.32,12.01,11.78,0.11,0.08,29.1,29.0,0.16,0.24,2.0,0,96.1,Normal,False
2026-06-26T11:14:07,209,True,0,50,2.5,2.29,11.98,11.81,0.09,0.1,29.1,29.1,0.21,0.17,1.4,0,97.9,Normal,False
2026-06-26T11:14:08,210,True,0,50,2.5,2.31,11.99,11.75,0.09,0.09,29.1,29.2,0.2,0.24,2.0,0,95.5,Normal,False
2026-06-26T11:14:09,211,True,0,50,2.5,2.28,11.92,11.87,0.1,0.09,29.0,29.0,0.22,0.05,0.4,0,95.0,Normal,False
2026-06-26T11:14:10,212,True,0,50,2.5,2.29,11.99,11.79,0.1,0.09,29.1,29.0,0.21,0.2,1.7,0,95.2,Normal,False
2026-06-26T11:14:11,213,True,0,50,2.48,2.3,11.93,11.79,0.09,0.08,28.9,28.9,0.18,0.14,1.2,0,94.3,Normal,False
2026-06-26T11:14:12,214,True,0,50,2.48,2.3,12.03,11.74,0.1,0.09,29.0,29.1,0.18,0.29,2.4,0,96.3,Normal,False
2026-06-26T11:14:13,215,True,0,50,2.52,2.29,12.06,11.79,0.11,0.08,29.1,29.1,0.24,0.27,2.2,0,95.3,Normal,False
2026-06-26T11:14:14,216,True,0,50,2.51,2.29,12.05,11.85,0.09,0.08,29.0,29.0,0.23,0.2,1.7,0,98.3,Normal,False
2026-06-26T11:14:15,217,True,0,50,2.5,2.28,12.02,11.83,0.09,0.1,29.1,29.2,0.21,0.19,1.6,0,95.2,Normal,False
2026-06-26T11:14:16,218,True,0,50,2.51,2.32,11.99,11.75,0.1,0.08,29.0,28.9,0.19,0.24,2.0,0,99.0,Normal,False
2026-06-26T11:14:17,219,True,0,50,2.49,2.31,12.03,11.75,0.1,0.09,29.1,29.1,0.18,0.28,2.3,0,96.9,Normal,False
2026-06-26T11:14:18,220,True,0,50,2.5,2.31,11.97,11.74,0.11,0.08,28.9,28.8,0.19,0.23,1.9,0,98.0,Normal,False
2026-06-26T11:14:19,221,True,0,50,2.5,2.29,11.93,11.75,0.11,0.09,28.9,28.8,0.22,0.17,1.4,0,98.0,Normal,False
2026-06-26T11:14:20,222,True,0,50,2.48,2.3,11.96,11.87,0.1,0.09,29.1,29.1,0.18,0.09,0.7,0,98.1,Normal,False
2026-06-26T11:14:21,223,True,0,50,2.48,2.32,11.92,11.79,0.09,0.09,28.9,29.0,0.16,0.14,1.1,0,95.3,Normal,False
2026-06-26T11:14:22,224,True,0,50,2.5,2.29,11.93,11.81,0.1,0.09,29.1,29.2,0.2,0.12,1.0,0,96.3,Normal,False
2026-06-26T11:14:23,225,True,0,50,2.51,2.28,11.96,11.76,0.09,0.1,29.1,29.0,0.23,0.19,1.6,0,96.3,Normal,False
2026-06-26T11:14:24,226,True,0,50,2.48,2.3,12.07,11.78,0.11,0.09,29.0,29.0,0.18,0.28,2.3,0,98.5,Normal,False
2026-06-26T11:14:25,227,True,0,50,2.49,2.3,11.99,11.84,0.11,0.09,28.9,29.0,0.19,0.15,1.2,0,99.0,Normal,False
2026-06-26T11:14:26,228,True,0,50,2.49,2.29,12.01,11.74,0.09,0.08,28.9,28.9,0.2,0.26,2.2,0,95.8,Normal,False
2026-06-26T11:14:27,229,True,0,50,2.51,2.3,11.95,11.81,0.1,0.08,29.1,29.0,0.22,0.14,1.2,0,95.4,Normal,False
2026-06-26T11:14:28,230,True,0,50,2.51,2.32,12.0,11.83,0.1,0.09,28.9,28.9,0.19,0.17,1.5,0,98.9,Normal,False
2026-06-26T11:14:29,231,True,0,50,2.49,2.32,11.99,11.85,0.1,0.09,28.9,28.9,0.18,0.14,1.1,0,94.8,Normal,False
2026-06-26T11:14:30,232,True,0,50,2.51,2.32,12.04,11.87,0.1,0.09,29.0,29.1,0.19,0.18,1.5,0,96.9,Normal,False
2026-06-26T11:14:31,233,True,0,50,2.49,2.28,12.02,11.86,0.11,0.08,29.1,29.1,0.21,0.16,1.4,0,98.9,Normal,False
2026-06-26T11:14:32,234,True,0,50,2.52,2.32,12.02,11.87,0.11,0.1,29.0,29.0,0.2,0.15,1.2,0,98.7,Normal,False
2026-06-26T11:14:33,235,True,0,50,2.52,2.3,12.01,11.81,0.09,0.09,29.1,29.1,0.22,0.2,1.7,0,98.5,Normal,False
2026-06-26T11:14:34,236,True,0,50,2.52,2.29,11.97,11.84,0.11,0.08,29.1,29.1,0.23,0.13,1.0,0,96.5,Normal,False
2026-06-26T11:14:35,237,True,0,50,2.52,2.28,12.07,11.76,0.1,0.09,28.9,28.9,0.24,0.3,2.5,0,97.5,Normal,False
2026-06-26T11:14:36,238,True,0,50,2.48,2.31,12.0,11.73,0.1,0.09,29.0,29.0,0.17,0.27,2.2,0,95.3,Normal,False
2026-06-26T11:14:37,239,True,0,50,2.51,2.28,11.96,11.84,0.1,0.09,28.9,29.0,0.23,0.12,1.0,0,94.4,Normal,False
2026-06-26T11:14:38,240,True,0,50,2.5,2.31,12.07,11.77,0.11,0.09,29.1,29.1,0.19,0.31,2.5,0,97.3,Normal,False
2026-06-26T11:14:39,241,True,0,50,2.5,2.29,11.96,11.78,0.11,0.09,28.9,28.9,0.2,0.18,1.5,0,98.6,Normal,False
2026-06-26T11:14:40,242,True,0,50,2.5,2.29,12.01,11.75,0.11,0.1,28.9,28.9,0.21,0.26,2.2,0,94.1,Normal,False
2026-06-26T11:14:41,243,True,0,50,2.5,2.29,12.0,11.77,0.1,0.1,29.0,29.1,0.21,0.23,1.9,0,98.5,Normal,False
2026-06-26T11:14:42,244,True,0,50,2.5,2.28,11.95,11.87,0.1,0.09,29.1,29.1,0.22,0.07,0.6,0,94.8,Normal,False
2026-06-26T11:14:43,245,True,0,50,2.48,2.28,12.06,11.86,0.09,0.08,29.0,29.0,0.2,0.2,1.7,0,94.3,Normal,False
2026-06-26T11:14:44,246,True,0,50,2.49,2.31,12.05,11.81,0.1,0.09,29.0,29.0,0.17,0.24,2.0,0,97.5,Normal,False
2026-06-26T11:14:45,247,True,0,50,2.5,2.3,11.92,11.84,0.1,0.1,29.0,29.0,0.2,0.09,0.7,0,94.6,Normal,False
2026-06-26T11:14:46,248,True,0,50,2.48,2.31,12.06,11.86,0.11,0.09,29.1,29.0,0.17,0.21,1.7,0,96.5,Normal,False
2026-06-26T11:14:47,249,True,0,50,2.49,2.3,11.92,11.84,0.11,0.1,29.1,29.1,0.19,0.08,0.7,0,97.1,Normal,False
2026-06-26T11:14:48,250,True,0,50,2.51,2.32,11.92,11.82,0.09,0.08,28.9,28.9,0.19,0.1,0.9,0,97.7,Normal,False
2026-06-26T11:14:49,251,True,0,50,2.49,2.32,12.06,11.87,0.09,0.09,29.1,29.1,0.17,0.19,1.6,0,96.7,Normal,False
2026-06-26T11:14:50,252,True,0,50,2.51,2.29,11.94,11.77,0.11,0.1,29.1,29.2,0.22,0.18,1.5,0,94.6,Normal,False
2026-06-26T11:14:51,253,True,0,50,2.52,2.29,11.93,11.73,0.1,0.08,28.9,28.9,0.22,0.19,1.6,0,94.0,Normal,False
2026-06-26T11:14:52,254,True,0,50,2.52,2.3,12.01,11.81,0.11,0.08,29.1,29.1,0.22,0.2,1.7,0,94.9,Normal,False
2026-06-26T11:14:53,255,True,0,50,2.51,2.28,11.92,11.78,0.1,0.09,28.9,28.8,0.23,0.14,1.2,0,97.0,Normal,False
2026-06-26T11:14:54,256,True,0,50,2.48,2.28,11.92,11.75,0.1,0.1,29.1,29.1,0.2,0.17,1.4,0,95.8,Normal,False
2026-06-26T11:14:55,257,True,0,50,2.49,2.31,11.94,11.79,0.1,0.1,29.1,29.2,0.18,0.15,1.2,0,97.8,Normal,False
2026-06-26T11:14:56,258,True,0,50,2.5,2.3,12.05,11.79,0.11,0.1,28.9,28.9,0.2,0.26,2.2,0,96.8,Normal,False
2026-06-26T11:14:57,259,True,0,50,2.49,2.29,12.04,11.74,0.1,0.1,29.1,29.1,0.21,0.3,2.5,0,95.4,Normal,False
2026-06-26T11:14:58,260,True,0,50,2.5,2.32,11.97,11.77,0.09,0.09,29.1,29.0,0.18,0.2,1.6,0,98.0,Normal,False
2026-06-26T11:14:59,261,True,0,50,2.51,2.32,11.94,11.75,0.11,0.1,29.0,29.0,0.19,0.19,1.6,0,96.0,Normal,False
2026-06-26T11:15:00,262,True,0,50,2.49,2.29,12.03,11.78,0.11,0.09,29.0,29.0,0.21,0.25,2.1,0,96.5,Normal,False
2026-06-26T11:15:01,263,True,0,50,2.51,2.31,11.96,11.84,0.1,0.1,29.0,28.9,0.2,0.12,1.0,0,95.9,Normal,False
2026-06-26T11:15:02,264,True,0,50,2.49,2.3,11.96,11.88,0.11,0.08,29.1,29.2,0.19,0.09,0.7,0,96.5,Normal,False
2026-06-26T11:15:03,265,True,0,50,2.49,2.3,11.96,11.75,0.09,0.09,29.0,29.1,0.19,0.21,1.7,0,95.8,Normal,False
2026-06-26T11:15:04,266,True,0,50,2.51,2.3,11.98,11.76,0.11,0.1,29.1,29.2,0.21,0.22,1.8,0,95.5,Normal,False
2026-06-26T11:15:05,267,True,0,50,2.5,2.32,12.04,11.78,0.1,0.09,29.1,29.1,0.18,0.26,2.2,0,97.8,Normal,False
2026-06-26T11:15:06,268,True,0,50,2.49,2.29,12.07,11.81,0.1,0.09,29.0,28.9,0.19,0.26,2.2,0,95.0,Normal,False
2026-06-26T11:15:07,269,True,0,50,2.48,2.29,11.92,11.76,0.1,0.08,29.1,29.0,0.19,0.16,1.4,0,97.6,Normal,False
2026-06-26T11:15:08,270,True,0,50,2.5,2.29,12.02,11.76,0.09,0.1,29.0,29.0,0.21,0.26,2.2,0,97.3,Normal,False
2026-06-26T11:15:09,271,True,0,50,2.5,2.32,12.06,11.85,0.11,0.08,28.9,28.9,0.18,0.21,1.7,0,97.5,Normal,False
2026-06-26T11:15:10,272,True,0,50,2.49,2.32,11.95,11.83,0.09,0.08,29.0,29.1,0.18,0.12,1.0,0,97.2,Normal,False
2026-06-26T11:15:11,273,True,0,50,2.49,2.29,12.05,11.88,0.09,0.08,28.9,28.9,0.2,0.17,1.4,0,94.6,Normal,False
2026-06-26T11:15:12,274,True,0,50,2.51,2.32,12.02,11.74,0.1,0.1,29.1,29.1,0.2,0.28,2.3,0,98.7,Normal,False
2026-06-26T11:15:13,275,True,0,50,2.49,2.29,12.02,11.75,0.1,0.09,29.1,29.2,0.2,0.27,2.2,0,94.2,Normal,False
2026-06-26T11:15:14,276,True,0,50,2.52,2.3,12.05,11.8,0.1,0.1,29.1,29.1,0.22,0.25,2.1,0,97.3,Normal,False
2026-06-26T11:15:15,277,True,0,50,2.52,2.31,11.98,11.85,0.11,0.09,29.0,29.0,0.22,0.14,1.1,0,95.7,Normal,False
2026-06-26T11:15:16,278,True,0,50,2.5,2.31,12.01,11.86,0.11,0.09,28.9,28.9,0.2,0.15,1.3,0,96.6,Normal,False
2026-06-26T11:15:17,279,True,0,50,2.5,2.28,12.02,11.74,0.1,0.09,28.9,28.8,0.22,0.28,2.3,0,98.0,Normal,False
2026-06-26T11:15:18,280,True,0,50,2.49,2.32,12.06,11.75,0.11,0.08,28.9,29.0,0.16,0.31,2.6,0,98.5,Normal,False
2026-06-26T11:15:19,281,True,0,50,2.49,2.29,11.95,11.73,0.1,0.1,29.0,29.1,0.2,0.23,1.9,0,95.4,Normal,False
2026-06-26T11:15:20,282,True,0,50,2.49,2.3,11.96,11.82,0.11,0.1,28.9,28.9,0.19,0.14,1.2,0,96.0,Normal,False
2026-06-26T11:15:21,283,True,0,50,2.48,2.29,12.07,11.83,0.09,0.1,29.0,28.9,0.19,0.25,2.1,0,96.9,Normal,False
2026-06-26T11:36:17,284,True,0,50,2.48,2.3,12.02,11.73,0.11,0.08,29.1,29.1,0.18,0.29,2.4,0,98.9,Normal,False
2026-06-26T11:36:18,285,True,0,50,2.52,2.32,11.95,11.79,0.1,0.1,29.0,29.1,0.21,0.16,1.3,0,95.6,Normal,False
2026-06-26T11:36:19,286,True,0,50,2.5,2.28,11.92,11.84,0.1,0.1,28.9,28.8,0.22,0.08,0.7,0,96.4,Normal,False
2026-06-26T11:36:20,287,True,0,50,2.5,2.28,11.97,11.87,0.11,0.1,28.9,28.9,0.21,0.1,0.8,0,98.4,Normal,False
2026-06-26T11:36:21,288,True,0,50,2.48,2.28,12.02,11.77,0.09,0.1,28.9,29.0,0.2,0.25,2.1,0,98.8,Normal,False
2026-06-26T13:09:20,289,True,0,50,2.48,2.32,12.0,11.75,0.11,0.09,29.0,29.1,0.15,0.25,2.1,0,98.5,Normal,False
2026-06-26T13:09:21,290,True,0,50,2.51,2.32,11.93,11.8,0.11,0.09,28.9,29.0,0.2,0.13,1.1,0,96.7,Normal,False
2026-06-26T13:09:22,291,True,0,50,2.51,2.29,12.07,11.75,0.09,0.09,29.0,28.9,0.21,0.32,2.7,0,98.8,Normal,False
2026-06-26T13:09:23,292,True,0,50,2.48,2.31,12.05,11.87,0.09,0.09,28.9,28.9,0.17,0.18,1.5,0,96.8,Normal,False
2026-06-26T13:09:24,293,True,0,50,2.48,2.3,11.97,11.82,0.1,0.08,29.0,29.0,0.18,0.15,1.3,0,96.2,Normal,False
2026-06-26T13:09:25,294,True,0,50,2.51,2.31,12.05,11.77,0.1,0.1,29.1,29.2,0.2,0.28,2.3,0,94.5,Normal,False
2026-06-26T13:09:26,295,True,0,50,2.51,2.31,12.07,11.85,0.09,0.08,29.1,29.0,0.2,0.22,1.9,0,95.5,Normal,False
2026-06-26T13:09:27,296,True,0,50,2.48,2.31,11.96,11.85,0.11,0.08,28.9,29.0,0.16,0.11,0.9,0,94.9,Normal,False
2026-06-26T13:09:28,297,True,0,50,2.48,2.31,11.94,11.85,0.09,0.1,28.9,29.0,0.17,0.08,0.7,0,97.2,Normal,False
